Date,y_true,y_pred,position,trade,strategy_ret,equity
2023-01-03,0.013607002065335827,9.952991949791002e-05,1,0.0,0.013607002065335827,1.0136070020653358
2023-01-04,0.0041722001810517995,-0.0006688201681077692,0,1.0,-0.0005,1.0131001985643031
2023-01-05,0.01822938810082597,-0.0009510817032374189,0,0.0,0.0,1.0131001985643031
2023-01-06,0.00531013953399917,-0.0012493519708462943,0,0.0,0.0,1.0131001985643031
2023-01-09,-0.016688476372042516,-0.001639249452746156,0,0.0,-0.0,1.0131001985643031
2023-01-10,0.016120853979034067,-0.00041751162208650446,0,0.0,0.0,1.0131001985643031
2023-01-11,0.019491011442756445,-0.0006107019616239289,0,0.0,0.0,1.0131001985643031
2023-01-12,-0.009416933361090507,-0.0009751874491988735,0,0.0,-0.0,1.0131001985643031
2023-01-13,-0.0064847253415800665,-0.00010470266110038911,0,0.0,-0.0,1.0131001985643031
2023-01-17,0.02394264155915149,0.0001492058549564141,1,1.0,0.02344264155915149,1.0368499433827514
2023-01-18,-0.006279494734269697,-0.0009599616903960068,0,1.0,-0.0005,1.03633151841106
2023-01-19,-0.016343935902322748,-0.00010469101311736648,0,0.0,-0.0,1.03633151841106
2023-01-20,-0.0047192403520215365,0.0009357550818109284,1,1.0,-0.005219240352021537,1.0309226551320974
2023-01-23,0.01427783070444999,0.000693899847115857,1,0.0,0.01427783070444999,1.0456419942714554
2023-01-24,0.0024222783156133687,0.00010372185227847154,1,0.0,0.0024222783156133687,1.048174830200074
2023-01-25,-0.004663143127432434,0.0007892567764789389,1,0.0,-0.004663143127432434,1.043287040944279
2023-01-26,-0.0025270888636361732,0.0008565948428854899,1,0.0,-0.0025270888636361732,1.0406505618815327
2023-01-27,-0.0036615862682749523,0.00044592664436913566,1,0.0,-0.0036615862682749523,1.0368401300740746
2023-01-30,0.007963153077046314,0.00034305851755995337,1,0.0,0.007963153077046314,1.045096646746279
2023-01-31,0.011949522707171312,0.0005088943277667561,1,0.0,0.011949522707171312,1.0575850528577622
2023-02-01,0.00129309672308775,0.00021009643499089934,1,0.0,0.00129309672308775,1.0589526126239992
2023-02-02,-0.015068426054648754,3.6747446481001793e-05,1,0.0,-0.015068426054648754,1.0429958634852974
2023-02-03,-0.00743164132912888,0.00043171254976056574,1,0.0,-0.00743164132912888,1.0352446923201095
2023-02-06,-0.008057995057973777,0.0003515141600485055,1,0.0,-0.008057995057973777,1.0269026957056004
2023-02-07,0.0047479980761560014,0.0007151996326849693,1,0.0,0.0047479980761560014,1.0317784277292101
2023-02-08,-0.009518405099140814,0.0009080390646176326,1,0.0,-0.009518405099140814,1.0219575426815288
2023-02-09,-0.011252984129623833,0.001144664114012298,1,0.0,-0.011252984129623833,1.0104574706725842
2023-02-10,0.008379632611167587,0.0008692098288021333,1,0.0,0.008379632611167587,1.01892473304603
2023-02-13,-0.0023047216132177084,0.000441047489764794,1,0.0,-0.0023047216132177084,1.0165763951915368
2023-02-14,-0.009368920356438437,0.0003670585013042004,1,0.0,-0.009368920356438437,1.007052171908752
2023-02-15,-0.014269097592417346,0.000594170321156397,1,0.0,-0.014269097592417346,0.9926824461871301
2023-02-16,0.00774635951446534,0.0007274047301236655,1,0.0,0.00774635951446534,1.0003721212989944
2023-02-17,-0.019628868904097097,0.00020706015895216581,1,0.0,-0.019628868904097097,0.980735948074703
2023-02-21,0.009122551187729755,0.0010808203860605136,1,0.0,0.009122551187729755,0.9896827619626611
2023-02-22,0.009724510392247865,0.0005846569163214158,1,0.0,0.009724510392247865,0.9993069422663956
2023-02-23,-0.013086346388623937,0.00011769047776419026,1,0.0,-0.013086346388623937,0.9862296654713409
2023-02-24,0.002768989441150893,0.00018439366354536179,1,0.0,0.002768989441150893,0.9889605250015808
2023-02-27,0.004533268703827531,0.00024261939660556858,1,0.0,0.004533268703827531,0.9934437487988913
2023-02-28,-0.010801402419316375,-0.0004297443813288766,0,1.0,-0.0005,0.9929470269244919
2023-03-01,-0.008906521057031824,0.00011761039328023163,1,1.0,-0.009406521057031825,0.9836068498072096
2023-03-02,0.023936971317458422,0.00047503369844432996,1,0.0,0.023936971317458422,1.0071514187587003
2023-03-03,-0.007783371367367842,-0.0005300571277273668,0,1.0,-0.0005,1.006647843049321
2023-03-06,0.006113611223303117,-2.0480205683728425e-06,0,0.0,0.0,1.006647843049321
2023-03-07,0.0009827780551967535,-5.784643858066854e-05,0,0.0,0.0,1.006647843049321
2023-03-08,0.0024521092550395807,-0.00031645503152353757,0,0.0,0.0,1.006647843049321
2023-03-09,0.033904916663987095,-0.0006668484130155308,0,0.0,0.0,1.006647843049321
2023-03-10,0.00227056506158263,-0.0008283116054849268,0,0.0,0.0,1.006647843049321
2023-03-13,-0.016578394401430607,-0.0008587074430388862,0,0.0,-0.0,1.006647843049321
2023-03-14,0.01912623610747133,-0.00019862487782316317,0,0.0,0.0,1.006647843049321
2023-03-15,-0.007853788818267482,-0.0007849907165159557,0,0.0,-0.0,1.006647843049321
2023-03-16,0.014897718985868558,-0.00031360957219377637,0,0.0,0.0,1.006647843049321
2023-03-17,-0.008836379008800854,0.00015133307144219582,1,1.0,-0.009336379008800855,0.9972493972582208
2023-03-20,-0.008629216319872235,0.0005267290727623886,1,0.0,-0.008629216319872235,0.9886439164844174
2023-03-21,0.013245051633384186,0.0003370063054983218,1,0.0,0.013245051633384186,1.0017385562052847
2023-03-22,0.0,0.0003649684596905119,1,0.0,0.0,1.0017385562052847
2023-03-23,0.004220543695288903,0.00017128744053353812,1,0.0,0.004220543695288903,1.0059664375530049
2023-03-24,-0.023771226221690256,0.0004955900078789802,1,0.0,-0.023771226221690256,0.9820533817945045
2023-03-27,0.0018193146373119973,0.0010093628281550335,1,0.0,0.0018193146373119973,0.983840045886625
2023-03-28,-0.0020108697214418214,0.0005472135997524885,1,0.0,-0.0020108697214418214,0.9818616717276096
2023-03-29,0.004590679006230225,0.0010015722506193736,1,0.0,0.004590679006230225,0.9863690834910317
2023-03-30,0.014869697117018355,0.0009097911526137516,1,0.0,0.014869697117018355,1.0010360930081343
2023-03-31,0.004691945727720359,0.000526859525692251,1,0.0,0.004691945727720359,1.0057329000280177
2023-04-03,0.004959694268194426,-0.00021397796199313,0,1.0,-0.0005,1.0052300335780038
2023-04-04,0.010400201596074687,-0.00030998585144522794,0,0.0,0.0,1.0052300335780038
2023-04-05,0.0025832371932121845,-0.0006478824649833802,0,0.0,0.0,1.0052300335780038
2023-04-06,-0.01625578989615395,-0.0005387640029806808,0,0.0,-0.0,1.0052300335780038
2023-04-10,0.0020577255881342182,0.00020398514620090493,1,1.0,0.0015577255881342182,1.0067959061232694
2023-04-11,-0.0010282549577320665,0.00015854982360380288,1,0.0,-0.0010282549577320665,1.0057606632413738
2023-04-12,-0.007889500006783123,0.00041020245180948753,1,0.0,-0.007889500006783123,0.9978257144819088
2023-04-13,-0.00918888480735891,0.0007801708428926633,1,0.0,-0.00918888480735891,0.988656808933714
2023-04-14,-0.011967080356807713,0.0010940515025731961,1,0.0,-0.011967080356807713,0.9768254734558991
2023-04-17,0.0035573026824655685,0.0008343321083564908,1,0.0,0.0035573026824655685,0.9803003373329244
2023-04-18,-0.0009600682363259949,0.0007660516938039293,1,0.0,-0.0009600682363259949,0.9793591821169915
2023-04-19,0.008513080830165443,0.0008305039733808306,1,0.0,0.008513080830165443,0.9876965459961181
2023-04-20,-0.005635315174520983,0.00032054656087499955,1,0.0,-0.005635315174520983,0.9821305646626443
2023-04-21,0.009627791462470725,0.00027618138033314596,1,0.0,0.009627791462470725,0.9915863129281348
2023-04-24,0.014597232771918378,-0.0003938114267651844,0,1.0,-0.0005,0.9910905197716708
2023-04-25,-0.010715294763348204,-0.0005172128423760658,0,0.0,-0.0,0.9910905197716708
2023-04-26,-0.0099721360709486,-0.00012423602416208055,0,0.0,-0.0,0.9910905197716708
2023-04-27,0.016002085489644102,0.0003471451906228208,1,1.0,0.015502085489644102,1.0064544897371472
2023-04-28,-0.029258548869307788,-0.00031974788373260576,0,1.0,-0.0005,1.0059512624922786
2023-05-01,0.024614384435650116,0.0008784822430777605,1,1.0,0.024114384435650116,1.0302091579595452
2023-05-02,0.005566411609532196,0.00042273373801027963,1,0.0,0.005566411609532196,1.0359437261766575
2023-05-03,-0.009927774915063026,9.623324580618892e-05,1,0.0,-0.009927774915063026,1.025659110038504
2023-05-04,-0.003331042590152933,8.378054646665935e-05,1,0.0,-0.003331042590152933,1.0222425958599874
2023-05-05,-0.014113732202459595,0.0005196135169915664,1,0.0,-0.014113732202459595,1.0078149376160725
2023-05-08,-0.0035843248305820197,0.00013261333432458325,1,0.0,-0.0035843248305820197,1.0042026015105439
2023-05-09,0.0096570724380447,0.0007149800584723317,1,0.0,0.0096570724380447,1.0139002587758041
2023-05-10,0.01051672829715411,0.0005978134325757181,1,0.0,0.01051672829715411,1.0245631723177635
2023-05-11,-0.008404274913115906,0.0001492224330046983,1,0.0,-0.008404274913115906,1.0159524617517508
2023-05-12,-0.01041178346170124,0.0004164822098639984,1,0.0,-0.01041178346170124,1.0053745847126092
2023-05-15,-0.0030086674545293235,0.00032373899840424205,1,0.0,-0.0030086674545293235,1.0023497469199734
2023-05-16,-0.0029204949591274953,0.0002266337059296713,1,0.0,-0.0029204949591274953,0.9994223895368108
2023-05-17,-0.007436411658616748,0.0005388988714247431,1,0.0,-0.007436411658616748,0.9919902732273767
2023-05-18,-0.007096288096023251,0.0009159325746627086,1,0.0,-0.007096288096023251,0.9849508244601024
2023-05-19,-0.003567200955923333,0.0008692142003689525,1,0.0,-0.003567200955923333,0.9814373069375508
2023-05-22,0.002874443147673489,0.0005770798104631626,1,0.0,0.002874443147673489,0.9842583926793486
2023-05-23,-0.00496134779663393,0.00032942185896597104,1,0.0,-0.00496134779663393,0.9793751444715104
2023-05-24,-0.0024897680993030136,0.00046260016097706075,1,0.0,-0.0024897680993030136,0.976936727479555
2023-05-25,0.008044949517068467,0.00034482919078571085,1,0.0,0.008044949517068467,0.9847961341334981
2023-05-26,0.009941510429579026,-0.00016310573314262328,0,1.0,-0.0005,0.9843037360664314
2023-05-30,0.008678997855255055,-0.00034630621137882503,0,0.0,0.0,0.9843037360664314
2023-05-31,0.003915926766945965,-0.0005963710350090877,0,0.0,0.0,0.9843037360664314
2023-06-01,-0.011018787795999962,-0.0008403368814401808,0,0.0,-0.0,0.9843037360664314
2023-06-02,-0.0018644513125138928,-0.0004783665181640746,0,0.0,-0.0,0.9843037360664314
2023-06-05,0.005876683015410222,-0.00025845248292921035,0,0.0,0.0,0.9843037360664314
2023-06-06,-0.014955194909327396,-0.00010600338216228971,0,0.0,-0.0,0.9843037360664314
2023-06-07,0.011629021155084018,0.0006324276573585636,1,1.0,0.011129021155084018,0.995258073168143
2023-06-08,-0.0013725868959664211,0.0002917250014177593,1,0.0,-0.0013725868959664211,0.9938919949788075
2023-06-09,0.002939199330371345,2.8279104347789705e-05,1,0.0,0.002939199330371345,0.9968132416649107
2023-06-12,-0.009929576935786777,-7.132192956048736e-05,0,1.0,-0.0005,0.9963148350440783
2023-06-13,0.007971152788010194,0.00044754033591869614,1,1.0,0.0074711527880101936,1.0037584554016539
2023-06-14,0.009560091440468987,-0.0002523471348590125,0,1.0,-0.0005,1.0032565761739531
2023-06-15,-0.003890779773795039,-0.00014296714695578454,0,0.0,-0.0,1.0032565761739531
2023-06-16,0.006895998771123679,3.0192081817823592e-05,1,1.0,0.006395998771123679,1.0096734040022834
2023-06-20,0.0024169685508583783,-6.833214558868172e-05,0,1.0,-0.0005,1.0091685673002824
2023-06-21,-0.012143523873706208,-0.0003824526946078074,0,0.0,-0.0,1.0091685673002824
2023-06-22,0.009920276681637752,0.0002232028759392497,1,1.0,0.009420276681637751,1.018675214422663
2023-06-23,0.001063666566025745,0.00015655270548331124,1,0.0,0.001063666566025745,1.0197587451898835
2023-06-26,-0.0026135176032076046,9.062482659667778e-05,1,0.0,-0.0026135176032076046,1.017093587758305
2023-06-27,0.004256001347609839,0.0003107828867621455,1,0.0,0.004256001347609839,1.0214223394384496
2023-06-28,-0.018213402613043606,0.0001872061068264033,1,0.0,-0.018213402613043606,1.0028187631323002
2023-06-29,0.011725578012292459,0.00038956008808912156,1,0.0,0.011725578012292459,1.0145773927715986
2023-06-30,-0.005685057064844123,0.00020488748382799018,1,0.0,-0.005685057064844123,1.0088094623969914
2023-07-03,-0.009547896752817309,0.0005236910899530736,1,0.0,-0.009547896752817309,0.9991774538067598
2023-07-05,-0.014243839508479184,0.0007054097316432327,1,0.0,-0.014243839508479184,0.9849453305142455
2023-07-06,-0.006037485171906276,0.001136697341778068,1,0.0,-0.006037485171906276,0.9789987376861274
2023-07-07,0.0013112745890522248,0.0007742239994455322,1,0.0,0.0013112745890522248,0.9802824738535695
2023-07-10,0.0051273886529283885,0.0009046740056747177,1,0.0,0.0051273886529283885,0.9853087630866708
2023-07-11,0.01106965258496917,0.0006468491430921504,1,0.0,0.01106965258496917,0.9962157887829659
2023-07-12,0.01045773896578428,0.00011789086495904164,1,0.0,0.01045773896578428,1.006633953455651
2023-07-13,-0.0059060630720324525,-0.0004758360229913547,0,1.0,-0.0005,1.0061306364789233
2023-07-14,0.0004936228559371258,-0.00045166652469105567,0,0.0,0.0,1.0061306364789233
2023-07-17,0.004528902792722889,-0.0005196156016133468,0,0.0,0.0,1.0061306364789233
2023-07-18,0.011233366679133994,-0.0004839031589588135,0,0.0,0.0,1.0061306364789233
2023-07-19,-0.012216473767019842,-0.00050393044252605,0,0.0,-0.0,1.0061306364789233
2023-07-20,0.000295189220561376,0.0002106133861427323,1,1.0,-0.00020481077943862403,1.0059245700790491
2023-07-21,-0.0036437848128834105,1.7683720740573072e-05,1,0.0,-0.0036437848128834105,1.0022591974076889
2023-07-24,-0.0018763317557297654,8.278852901092096e-05,1,0.0,-0.0018763317557297654,1.0003786266481205
2023-07-25,0.0009881723838818246,0.0002266495714671919,1,0.0,0.0009881723838818246,1.0013671731803997
2023-07-26,-0.019644787959416377,0.0004710987641141116,1,0.0,-0.019644787959416377,0.9816955273937505
2023-07-27,0.00512275418668473,0.0007246475933636629,1,0.0,0.00512275418668473,0.9867245122667565
2023-07-28,0.002402029623446822,0.000563066725202892,1,0.0,0.002402029623446822,0.9890946537754024
2023-07-31,-0.016523016547627556,0.00036502259860522496,1,0.0,-0.016523016547627556,0.9727518264439015
2023-08-01,-0.010756593995671082,0.0008535316127874961,1,0.0,-0.010756593995671082,0.9622883299882969
2023-08-02,-0.02334158690409094,0.0011266223254119815,1,0.0,-0.02334158690409094,0.9398269933070825
2023-08-03,0.017557090488342197,0.0012809758363323456,1,0.0,0.017557090488342197,0.9563276208719615
2023-08-04,-0.00989013566329433,0.0008692214057140154,1,0.0,-0.00989013566329433,0.9468694109629824
2023-08-07,0.011546266070650901,0.0013106932054979237,1,0.0,0.011546266070650901,0.9578022171161215
2023-08-08,0.005158035044847686,0.00046575739098930595,1,0.0,0.005158035044847686,0.9627425945180392
2023-08-09,-0.01659965044481737,3.353634542133501e-05,1,0.0,-0.01659965044481737,0.9467614039807032
2023-08-10,-0.002304151492277029,-0.00018136489673735637,0,1.0,-0.0005,0.9462880232787129
2023-08-11,-0.00220452390635284,0.0002535890239981,1,1.0,-0.00270452390635284,0.9437287646974603
2023-08-14,-0.0061137529546426705,2.007999072728883e-05,1,0.0,-0.0061137529546426705,0.9379590401739099
2023-08-15,-0.00785474856615842,0.0004387823980013402,1,0.0,-0.00785474856615842,0.9305916077479885
2023-08-16,-0.004271562240411697,0.0006735223933852226,1,0.0,-0.004271562240411697,0.9266165277750882
2023-08-17,0.0035251952974775236,0.0003153526077241621,1,0.0,0.0035251952974775236,0.9298830320013659
2023-08-18,-0.013419841456055792,0.0001484079248261543,1,0.0,-0.013419841456055792,0.9174041491392311
2023-08-21,0.00764480386676869,0.0005314265568687048,1,0.0,0.00764480386676869,0.9244175239259603
2023-08-22,0.024475305506332035,0.00010624421152648491,1,0.0,0.024475305506332035,0.9470429252394552
2023-08-23,-0.006615934992199257,-0.0006696616436663891,0,1.0,-0.0005,0.9465694037768355
2023-08-24,0.0032607833974473976,-0.00034676623036943076,0,0.0,0.0,0.9465694037768355
2023-08-25,0.0010496183670465342,-0.0004116887717461056,0,0.0,0.0,0.9465694037768355
2023-08-28,0.010332519306482268,-0.0008337022232750515,0,0.0,0.0,0.9465694037768355
2023-08-29,-0.0010386506865334155,-0.0008242646314886065,0,0.0,-0.0,0.9465694037768355
2023-08-30,0.004459148578693117,-7.329943886439321e-05,0,0.0,0.0,0.9465694037768355
2023-08-31,-0.01570095297234797,-0.00030188962082713824,0,0.0,-0.0,0.9465694037768355
2023-09-01,-0.014121241096015424,0.00022592777001355984,1,1.0,-0.014621241096015425,0.9327293843101029
2023-09-05,0.002456468344034235,0.0006304123308048293,1,0.0,0.002456468344034235,0.9350206045162112
2023-09-06,0.0027692856417678158,0.0006663381041586556,1,0.0,0.0027692856417678158,0.937609943651055
2023-09-07,0.0038222582106675063,0.0005530955349206518,1,0.0,0.0038222582106675063,0.9411937309565788
2023-09-08,-0.007231795534572427,0.0006618542005876125,1,0.0,-0.007231795534572427,0.9343872103358795
2023-09-11,0.005746945925126923,0.00045329829298341843,1,0.0,0.005746945925126923,0.9397570831068099
2023-09-12,-0.0002121381817863366,-0.00015880181165421508,0,1.0,-0.0005,0.9392872045652566
2023-09-13,-0.007244211381599364,-1.8936580174829358e-05,0,0.0,-0.0,0.9392872045652566
2023-09-14,-0.006112951267994937,0.00031217957782742924,1,1.0,-0.006612951267994938,0.9330757440548154
2023-09-15,0.00568527629763782,0.0005626728996121551,1,0.0,0.00568527629763782,0.938380537466391
2023-09-18,-0.007407669203567835,0.00015493721530879215,1,0.0,-0.007407669203567835,0.9314293248577739
2023-09-19,0.003119939640106928,0.0006163561291009581,1,0.0,0.003119939640106928,0.9343353281303557
2023-09-20,-0.026009452300681524,0.0004409461833124518,1,0.0,-0.026009452300681524,0.9100337779805076
2023-09-21,0.008016396909932055,0.0009383394011828763,1,0.0,0.008016396909932055,0.9173289699462442
2023-09-22,-0.024916841446607663,0.00043822371971376163,1,0.0,-0.024916841446607663,0.8944720294477138
2023-09-25,-0.003482302375893198,0.0013655177250081897,1,0.0,-0.003482302375893198,0.8913572073743979
2023-09-26,-0.005189705057841998,0.0011028828837575933,1,0.0,-0.005189705057841998,0.8867313263669431
2023-09-27,0.00304933616067693,0.0012386857455328611,1,0.0,0.00304933616067693,0.8894352682652388
2023-09-28,0.0001128291825285288,0.0003933133539658196,1,0.0,0.0001128291825285288,0.8895356225194692
2023-09-29,-0.016881594407013978,0.0005843037737559239,1,0.0,-0.016881594407013978,0.8745188429295048
2023-10-02,-0.02174632465249271,0.00042753314720646285,1,0.0,-0.02174632465249271,0.8555012722564375
2023-10-03,0.014008792704380824,0.0009584933499957504,1,0.0,0.014008792704380824,0.867485812237812
2023-10-04,-0.004997209706700367,0.0003277409786857209,1,0.0,-0.004997209706700367,0.8631508037164723
2023-10-05,-0.01219097344251363,0.0006168382511513824,1,0.0,-0.01219097344251363,0.8526281551914805
2023-10-06,0.02319860592951084,0.0009095977161790591,1,0.0,0.02319860592951084,0.8724079397681734
2023-10-09,-0.0013839716418688752,-0.00016888627390736164,0,1.0,-0.0005,0.8719717357982893
2023-10-10,0.020671249765679356,-0.0006570235776365686,0,0.0,0.0,0.8719717357982893
2023-10-11,-0.027502745146640528,-0.0008353354757273368,0,0.0,-0.0,0.8719717357982893
2023-10-12,0.017734369122412552,5.144554860269626e-05,1,1.0,0.01723436912241255,0.8869996185573479
2023-10-13,-0.016225099251839126,-0.000914456323221353,0,1.0,-0.0005,0.8865561187480693
2023-10-16,-0.011081724412099092,0.0002539893609225174,1,1.0,-0.011581724412099093,0.876288270104869
2023-10-17,-0.008836860626364462,0.00047287610831167983,1,0.0,-0.008836860626364462,0.8685446327934342
2023-10-18,-0.020685776347002083,0.001145412735616101,1,0.0,-0.020685776347002083,0.8505781127720802
2023-10-19,0.0056622042060956446,0.0010378974249241498,1,0.0,0.0056622042060956446,0.8553942597398312
2023-10-20,0.01194168754752134,0.0011314436798664682,1,0.0,0.01194168754752134,0.8656091107195876
2023-10-23,0.013090624929247952,0.000550168857740748,1,0.0,0.013090624929247952,0.8769404749233576
2023-10-24,-0.02251260778762898,-7.490769296908265e-06,0,1.0,-0.0005,0.8765020046858959
2023-10-25,0.015222202604555868,0.0005406243298869771,1,1.0,0.014722202604555867,0.8894060447821811
2023-10-26,-0.004257992329777416,-0.0006273600469632705,0,1.0,-0.0005,0.88896134175979
2023-10-27,-0.00451388899209082,-0.0002530072801452738,0,0.0,-0.0,0.88896134175979
2023-10-30,-0.00489370330161254,0.0002495449005301349,1,1.0,-0.00539370330161254,0.8841665480357344
2023-10-31,0.021450523995274473,0.0007984772039110535,1,0.0,0.021450523995274473,0.9031323837901939
2023-11-01,0.022540749905735957,-0.0005261835361871914,0,1.0,-0.0005,0.9026808175982989
2023-11-02,0.006755868558487421,-0.0005569486778544889,0,0.0,0.0,0.9026808175982989
2023-11-03,-0.00974729173407507,-0.0006756139831181809,0,0.0,-0.0,0.9026808175982989
2023-11-06,0.014642122526458579,-0.0005952050181084171,0,0.0,0.0,0.9026808175982989
2023-11-07,0.016890297997973924,-0.001208732569662223,0,0.0,0.0,0.9026808175982989
2023-11-08,-0.023270027265066773,-0.0011298748189720403,0,0.0,-0.0,0.9026808175982989
2023-11-09,0.005584274971831782,0.00043994745978549743,1,1.0,0.0050842749718317815,0.9072702950867666
2023-11-10,-0.0022752418323079837,0.00022090152385013953,1,0.0,-0.0022752418323079837,0.9052060357581748
2023-11-13,0.02241434532039488,0.0001233905935989025,1,0.0,0.02241434532039488,0.9254956364297643
2023-11-14,-0.014133574473642163,-4.060783248133868e-05,0,1.0,-0.0005,0.9250328886115494
2023-11-15,0.012349907852636122,0.001005583470646926,1,1.0,0.011849907852636121,0.9359944431022541
2023-11-16,0.004675459322407427,-1.1640737234313111e-05,0,1.0,-0.0005,0.935526445880703
2023-11-17,0.006090046265960325,5.5724531382465994e-05,1,1.0,0.0055900462659603245,0.9407560819962056
2023-11-20,-0.00044165576835819564,-0.00021947476941427878,0,1.0,-0.0005,0.9402857039552076
2023-11-21,0.0035279776170451527,0.00033194847150428927,1,1.0,0.0030279776170451527,0.9431328680204115
2023-11-22,-0.011845277110564822,-0.00011589939512701732,0,1.0,-0.0005,0.9426613015864014
2023-11-24,0.016565901620347212,0.0005301861606906691,1,1.0,0.01606590162034721,0.957806005318997
2023-11-27,0.0019696640386461794,0.00017601269522384038,1,0.0,0.0019696640386461794,0.9596925613636731
2023-11-28,0.012492418939890726,0.00040969222611088015,1,0.0,0.012492418939890726,0.9716814428937249
2023-11-29,-0.011618815673902105,9.159850617051349e-05,1,0.0,-0.011618815673902105,0.9603916553149915
2023-11-30,0.018659223381448875,0.0005058357102864586,1,0.0,0.018659223381448875,0.9783118177451934
2023-12-01,-0.003986969137285357,-0.0005463722083624549,0,1.0,-0.0005,0.9778226618363208
2023-12-04,0.0212582662341827,9.62809259180988e-05,1,1.0,0.0207582662341827,0.9981205649805365
2023-12-05,0.01323006392973447,-0.0003950562893827493,0,1.0,-0.0005,0.9976215046980462
2023-12-06,-0.005753874891770039,-0.0003723770752987104,0,0.0,-0.0,0.9976215046980462
2023-12-07,-0.00821629700191373,-0.000555502078855554,0,0.0,-0.0,0.9976215046980462
2023-12-08,-0.0021177913614822685,0.0002594908533647296,1,1.0,-0.0026177913614822686,0.9950099397410188
2023-12-11,0.0029635843336608403,0.00012827545506109803,1,0.0,0.0029635843336608403,0.9979587356102722
2023-12-12,0.023191042662165096,0.0005712203685287477,1,0.0,0.023191042662165096,1.0211024392228902
2023-12-13,0.025680424356679943,0.00022509982808639747,1,0.0,0.025680424356679943,1.047324783173775
2023-12-14,0.0011101264814401546,-0.00040485093800232577,0,1.0,-0.0005,1.0468011207821883
2023-12-15,-0.007999705513044297,-0.0005894624644458512,0,0.0,-0.0,1.0468011207821883
2023-12-18,0.005373976816017034,-0.00041622411950621697,0,0.0,0.0,1.0468011207821883
2023-12-19,0.006752179164887018,-0.0005716065571109305,0,0.0,0.0,1.0468011207821883
2023-12-20,-0.0063477718805735606,-0.00012021680036671827,0,0.0,-0.0,1.0468011207821883
2023-12-21,-0.004558955744573545,0.0007214777797510732,1,1.0,-0.005058955744573546,1.0415054002387814
2023-12-22,0.002839094158625599,0.000899942089542464,1,0.0,0.002839094158625599,1.0444623321367763
2023-12-26,0.017564690106926406,0.000470895071112367,1,0.0,0.017564690106926406,1.0628079893291165
2023-12-27,-0.007289693563268251,0.00017585345293278707,1,0.0,-0.007289693563268251,1.055060444770314
2023-12-28,-0.009060752314364429,0.0006205039032787337,1,0.0,-0.009060752314364429,1.045500803403567
2023-12-29,-0.005781314954295347,0.0007225906261483562,1,0.0,-0.005781314954295347,1.0394564339741224
2024-01-02,0.004161967176668391,0.0006044681796217536,1,0.0,0.004161967176668391,1.0437826175338993
2024-01-03,-0.015311247355821678,0.0005489360403274241,1,0.0,-0.015311247355821678,1.0278010036911307
2024-01-04,-0.009611963306720206,0.0013264913505644166,1,0.0,-0.009611963306720206,1.0179218181570413
2024-01-05,0.009817660774070092,0.001234461093683245,1,0.0,0.009817660774070092,1.027915429262232
2024-01-08,-0.006396209737834724,0.0007166075984341219,1,0.0,-0.006396209737834724,1.0213406665839142
2024-01-09,-0.004668376316566913,0.000843670153570905,1,0.0,-0.004668376316566913,1.016572664004887
2024-01-10,0.0055992560125925905,0.0010502594072657782,1,0.0,0.0055992560125925905,1.0222647146060537
2024-01-11,-0.001966650191017827,0.0004189669224525089,1,0.0,-0.001966650191017827,1.020254277509803
2024-01-12,-0.017769680440862246,9.373798728076632e-05,1,0.0,-0.017769680440862246,1.002124685030031
2024-01-16,-0.0015832806967646107,0.0007174548200331345,1,0.0,-0.0015832806967646107,1.0005380403604716
2024-01-17,-0.009338815422193392,0.0004715849096035476,1,0.0,-0.009338815422193392,0.991194200278662
2024-01-18,0.0031934374806441568,0.0006446981164366463,1,0.0,0.0031934374806441568,0.994359516988429
2024-01-19,0.005934009451588729,0.0006116229909528812,1,0.0,0.005934009451588729,1.0002600557605155
2024-01-22,-0.007955477641154118,0.000391292678991723,1,0.0,-0.007955477641154118,0.9923025092515732
2024-01-23,-0.005874418374793855,0.00016848237976279547,1,0.0,-0.005874418374793855,0.9864733091578717
2024-01-24,0.006513103817036736,0.0002682385754543922,1,0.0,0.006513103817036736,0.9928983122331527
2024-01-25,-0.001917281388212011,-0.00022101317477138337,0,1.0,-0.0005,0.9924018630770362
2024-01-26,0.011450571145834587,-0.00015068102753294592,0,0.0,0.0,0.9924018630770362
2024-01-29,0.00902512477871742,-0.0002590719696821573,0,0.0,0.0,0.9924018630770362
2024-01-30,0.009772215087668457,-0.0006186155904881358,0,0.0,0.0,0.9924018630770362
2024-01-31,0.01942614315118707,-0.0009884592981784918,0,0.0,0.0,0.9924018630770362
2024-02-01,-0.02233642532039415,-0.0012796160241671985,0,0.0,-0.0,0.9924018630770362
2024-02-02,-0.020400303914818174,-0.0003934657807827561,0,0.0,-0.0,0.9924018630770362
2024-02-05,0.009726502273556648,0.0004506059732015973,1,1.0,0.009226502273556647,1.0015582611229983
2024-02-06,-0.004851382494932999,0.00024394384999251031,1,0.0,-0.004851382494932999,0.9966993189073307
2024-02-07,-0.005831664053655317,0.0007307065087672458,1,0.0,-0.005831664053655317,0.9908869033169561
2024-02-08,-0.0020223906482739196,0.0013593402842877324,1,0.0,-0.0020223906482739196,0.9888829429101907
2024-02-09,0.0011711964127130159,0.0007137517480773059,1,0.0,0.0011711964127130159,0.9900411190655203
2024-02-12,-0.017283201078714505,7.094050941016387e-05,1,0.0,-0.017283201078714505,0.9729300393285154
2024-02-13,0.005076246872920187,0.000932711344307773,1,0.0,0.005076246872920187,0.977868872398227
2024-02-14,0.00515815050411117,0.0005765643778991598,1,0.0,0.00515815050411117,0.9829128672153424
2024-02-15,-0.005804541503740879,0.0003595442426927491,1,0.0,-0.005804541503740879,0.9772075086830301
2024-02-16,0.0008620252188062949,0.0004865948129509029,1,0.0,0.0008620252188062949,0.9780498861995217
2024-02-20,-0.007134406266118276,0.00042516036454835044,1,0.0,-0.007134406266118276,0.9710720809628436
2024-02-21,0.0048697722925963305,0.00016122514100080435,1,0.0,0.0048697722925963305,0.9758009808768303
2024-02-22,0.013297764935976453,0.00014781035606616566,1,0.0,0.013297764935976453,0.9887769529448257
2024-02-23,-0.0029873723546911535,-5.7714007513819885e-05,0,1.0,-0.0005,0.9882825644683534
2024-02-26,-0.0070767689622055485,-4.417979622846178e-05,0,0.0,-0.0,0.9882825644683534
2024-02-27,0.0063286818657353194,0.00010866483851367585,1,1.0,0.005828681865735319,0.9940429491300925
2024-02-28,0.007032539996004061,-0.0003664698090531936,0,1.0,-0.0005,0.9935459276555275
2024-02-29,0.006211491865073526,-0.0004436492767227598,0,0.0,0.0,0.9935459276555275
2024-03-01,-0.004030371082492046,-0.0003470041662705862,0,0.0,-0.0,0.9935459276555275
2024-03-04,0.014141207575240955,-0.00017204528391870586,0,0.0,0.0,0.9935459276555275
2024-03-05,0.00585090855045145,-0.000693742545701386,0,0.0,0.0,0.9935459276555275
2024-03-06,-0.0009378569915767798,-0.0006517445309206081,0,0.0,-0.0,0.9935459276555275
2024-03-07,-0.0017742977126706805,-0.00036609344974789133,0,0.0,-0.0,0.9935459276555275
2024-03-08,-0.0005225268839268438,-0.00011974701784143653,0,0.0,-0.0,0.9935459276555275
2024-03-11,-0.008396236241113186,-0.0002231120675629543,0,0.0,-0.0,0.9935459276555275
2024-03-12,-0.004860153178749549,0.00037440949335369516,1,1.0,-0.005360153178749549,0.9882203692931711
2024-03-13,-0.01547597730064787,0.0006754630291832442,1,0.0,-0.01547597730064787,0.9729266932899522
2024-03-14,-0.0003227038343665001,0.001072564083696483,1,0.0,-0.0003227038343665001,0.97261272611547
2024-03-15,-0.0030172271390354055,0.0009118508521462438,1,0.0,-0.0030172271390354055,0.9696781326024632
2024-03-18,0.0028020625270048782,0.0010049998640257278,1,0.0,0.0028020625270048782,0.9723952313610846
2024-03-19,-0.0003230524160962034,0.0006865060356902381,1,0.0,-0.0003230524160962034,0.972081096732193
2024-03-20,0.002150783108879395,0.0006176461012443762,1,0.0,0.002150783108879395,0.9741718323355055
2024-03-21,0.009515441011578751,5.1477058205633234e-05,1,0.0,0.009515441011578751,0.9834415069412357
2024-03-22,-0.0050137630261204436,-0.00025947901873266187,0,1.0,-0.0005,0.9829497861877651
2024-03-25,0.0027763674307061947,-0.00011721901073733031,0,0.0,0.0,0.9829497861877651
2024-03-26,0.009869310456243063,-0.0001158660213282027,0,0.0,0.0,0.9829497861877651
2024-03-27,-0.0008451866602117164,-0.00040681411562793726,0,0.0,-0.0,0.9829497861877651
2024-03-28,-0.018817145448586814,-0.0002976637412273629,0,0.0,-0.0,0.9829497861877651
2024-04-01,-0.0055255039393804495,0.0005174360096028298,1,1.0,-0.00602550393938045,0.9770270183788776
2024-04-02,-0.0002175203115530877,0.00044143528086383274,1,0.0,-0.0002175203115530877,0.9768144951574441
2024-04-03,0.00714675181732094,0.0004003616903929698,1,0.0,0.00714675181732094,0.983795545925896
2024-04-04,-0.0140165054782031,0.00042713018668404383,1,0.0,-0.0140165054782031,0.9700061702669939
2024-04-05,-0.00010935055352501166,0.0008654749484275922,1,0.0,-0.00010935055352501166,0.9699000995553525
2024-04-08,0.00925877940183284,0.0002480385473319931,1,0.0,0.00925877940183284,0.9788801906189513
2024-04-09,-0.022034438675323287,-0.00014200700630834646,0,1.0,-0.0005,0.9783907505236419
2024-04-10,-0.004554945587110559,0.0006420334206179933,1,1.0,-0.00505494558711056,0.9734450385168126
2024-04-11,0.005330521482536987,0.000836643611967447,1,0.0,0.005330521482536987,0.9786340082066955
2024-04-12,-0.015626880759834094,0.00035190054781658554,1,0.0,-0.015626880759834094,0.963341011252931
2024-04-15,-0.006659817600414897,0.0008460714581799678,1,0.0,-0.006659817600414897,0.9569253358309873
2024-04-16,0.011037510592170285,0.0011732935196650982,1,0.0,0.011037510592170285,0.9674874093611379
2024-04-17,-0.005052986612928301,0.00020908347094395058,1,0.0,-0.005052986612928301,0.9625987084334594
2024-04-18,0.003595853655141923,0.00029886238161206345,1,0.0,0.003595853655141923,0.9660600725176147
2024-04-19,-0.0016842508112500099,0.00029693979102156376,1,0.0,-0.0016842508112500099,0.9644329850567607
2024-04-22,0.0003372409005004684,-0.0001483400260376259,0,1.0,-0.0005,0.9639507685642323
2024-04-23,-0.007101197981838503,-0.0003359059920477709,0,0.0,-0.0,0.9639507685642323
2024-04-24,-0.007038599255820621,0.00013127326169061612,1,1.0,-0.007538599255820622,0.9566839300176864
2024-04-25,0.005226805563562031,9.535722682745093e-05,1,0.0,0.005226805563562031,0.9616843309056732
2024-04-26,0.008351254681975284,1.506592883552975e-05,1,0.0,0.008351254681975284,0.9697156016767314
2024-04-29,-0.008577776287671313,-0.00011988823037639633,0,1.0,-0.0005,0.9692307438758931
2024-04-30,0.007343740741088567,0.00022477735678964875,1,1.0,0.0068437407410885664,0.9758639078052722
2024-05-01,0.004281765756378952,-0.00022285667354328786,0,1.0,-0.0005,0.9753759758513696
2024-05-02,0.010068311693266274,-0.0005443634196899997,0,0.0,0.0,0.9753759758513696
2024-05-03,0.003888275306968225,-0.0005797245212494232,0,0.0,0.0,0.9753759758513696
2024-05-06,0.006079764048185332,-0.0004017313006340449,0,0.0,0.0,0.9753759758513696
2024-05-07,-0.006079764048185332,-0.0008868526704462995,0,0.0,-0.0,0.9753759758513696
2024-05-08,0.004866693492935781,-0.0003401252108235944,0,0.0,0.0,0.9753759758513696
2024-05-09,-0.005643104182101233,-0.0003748666553394531,0,0.0,-0.0,0.9753759758513696
2024-05-10,0.0025487778061341615,6.166132931756282e-05,1,1.0,0.0020487778061341615,0.9773743045033304
2024-05-13,0.00562877982943899,0.00012811358718767157,1,0.0,0.00562877982943899,0.9828757292743308
2024-05-14,0.013555292345773573,0.0001821062435410239,1,0.0,0.013555292345773573,0.9961988971242097
2024-05-15,-0.0009777013787823918,-0.00037290664458094385,0,1.0,-0.0005,0.9957007976756477
2024-05-16,-0.006761219479297864,-9.963458608212954e-05,0,0.0,-0.0,0.9957007976756477
2024-05-17,-0.002958731169505846,-7.99603359752918e-05,0,0.0,-0.0,0.9957007976756477
2024-05-20,0.005144867951670129,4.517072751304806e-05,1,1.0,0.0046448679516701286,1.0003256964002236
2024-05-21,0.0012000992057012994,3.300140068030936e-05,1,0.0,0.0012000992057012994,1.0015261864739162
2024-05-22,-0.006454878830035149,0.00039377115554553664,1,0.0,-0.006454878830035149,0.9950614562951199
2024-05-23,0.00295932083630035,0.0006008981077495076,1,0.0,0.00295932083630035,0.9980061623961334
2024-05-24,-0.014439581081186148,0.00025959702414397206,1,0.0,-0.014439581081186148,0.983595371494691
2024-05-28,-0.012175540495478643,0.0006105892077858493,1,0.0,-0.012175540495478643,0.971619566217892
2024-05-29,0.009618649841464766,0.001050001535768098,1,0.0,0.009618649841464766,0.9809652346044578
2024-05-30,0.0067668457192713305,0.0007259302508663625,1,0.0,0.0067668457192713305,0.987603275002995
2024-05-31,0.016045040071434258,0.00040796080794201675,1,0.0,0.016045040071434258,1.0034494091250978
2024-06-03,0.01161348675093965,6.0353792292938216e-05,1,0.0,0.01161348675093965,1.0151029555432103
2024-06-04,0.007311171985494802,-0.0006088911526371332,0,1.0,-0.0005,1.0145954040654388
2024-06-05,-0.0015008626654671176,-0.0011881632191515208,0,0.0,-0.0,1.0145954040654388
2024-06-06,-0.018515898091806093,-0.0007764303614928077,0,0.0,-0.0,1.0145954040654388
2024-06-07,-0.00668908430333115,-7.51473463826512e-06,0,0.0,-0.0,1.0145954040654388
2024-06-10,0.010289239588749943,0.0005130360997044553,1,1.0,0.009789239588749943,1.02452752156148
2024-06-11,0.007485507218254028,0.0004828056280237541,1,0.0,0.007485507218254028,1.0321966297194283
2024-06-12,0.014592727247237924,0.0005064316019790488,1,0.0,0.014592727247237924,1.047259193602442
2024-06-13,0.008379741669433116,5.4399021708368886e-05,1,0.0,0.008379741669433116,1.0560349551057693
2024-06-14,-0.009978857781141492,-0.0006544184815209613,0,1.0,-0.0005,1.0555069376282165
2024-06-17,0.009133408673932308,-0.00044885570255477614,0,0.0,0.0,1.0555069376282165
2024-06-18,-0.006682452260045935,-0.0004733435966968615,0,0.0,-0.0,1.0555069376282165
2024-06-20,0.0,-3.200814898860686e-05,0,0.0,0.0,1.0555069376282165
2024-06-21,0.004036020478308977,0.00029325746805079127,1,1.0,0.003536020478308977,1.059239231774667
2024-06-24,0.0016945740179528102,0.00042972947848102824,1,0.0,0.0016945740179528102,1.0610341910556287
2024-06-25,-0.014388707850796933,9.671975892872685e-05,1,0.0,-0.014388707850796933,1.0457672800608226
2024-06-26,0.003964158409906382,0.0008578719947290201,1,0.0,0.003964158409906382,1.0499128672188807
2024-06-27,-0.018780916817294546,0.000533460582462374,1,0.0,-0.018780916817294546,1.0301945409942357
2024-06-28,-0.017409464821262155,0.00108847351463199,1,0.0,-0.017409464821262155,1.0122594053737402
2024-07-01,0.007755360240085274,0.0015454678681591052,1,0.0,0.007755360240085274,1.0201098417188281
2024-07-02,0.013047524022280044,0.00119282479831903,1,0.0,0.013047524022280044,1.033419749384019
2024-07-03,0.00824497203140595,0.00044575124744178395,1,0.0,0.00824497203140595,1.0419402663143926
2024-07-05,0.0021583780725444868,0.00037092697684625573,1,0.0,0.0021583780725444868,1.0441891673381067
2024-07-08,-0.00442975649794608,-0.00018197077737582451,0,1.0,-0.0005,1.0436670727544377
2024-07-09,0.00313521953652085,-0.0004912416049118423,0,0.0,0.0,1.0436670727544377
2024-07-10,0.009668209801014349,-0.0003637977907329132,0,0.0,0.0,1.0436670727544377
2024-07-11,0.004267282832064012,-0.0003276843789048882,0,0.0,0.0,1.0436670727544377
2024-07-12,-0.011563554264903075,-0.00020976586715249135,0,0.0,-0.0,1.0436670727544377
2024-07-15,0.014008870341018387,0.00016050254290908756,1,1.0,0.013508870341018386,1.0577658359194677
2024-07-16,0.00021203931378543928,-0.00045156739316020843,0,1.0,-0.0005,1.057236953001508
2024-07-17,-0.007673204879585782,-0.00023408757209785448,0,0.0,-0.0,1.057236953001508
2024-07-18,-0.005901803417040163,0.00020151620959302444,1,1.0,-0.006401803417040164,1.0504687298631619
2024-07-19,-0.0029099336692448574,0.0004703690140433947,1,0.0,-0.0029099336692448574,1.0474119355376441
2024-07-22,-0.0014041210169439822,0.0001849692099789043,1,0.0,-0.0014041210169439822,1.0459412424255576
2024-07-23,-0.010867400887870637,0.0005043483843563611,1,0.0,-0.010867400887870637,1.0345745796389616
2024-07-24,0.008161754558659418,0.0008086416502337329,1,0.0,0.008161754558659418,1.043018523430603
2024-07-25,0.007772869383867231,0.0004104296936781889,1,0.0,0.007772869383867231,1.0511257701781833
2024-07-26,0.005362519421129974,7.307872281564162e-05,1,0.0,0.005362519421129974,1.056762452534814
2024-07-29,0.0038433125259622614,-2.257717102146603e-05,0,1.0,-0.0005,1.0562340713085467
2024-07-30,0.010177002743028574,-6.149204615154015e-05,0,0.0,0.0,1.0562340713085467
2024-07-31,0.008587786497732175,-0.0007222659379975567,0,0.0,0.0,1.0562340713085467
2024-08-01,0.030685916186246054,-0.0007502645291355586,0,0.0,0.0,1.0562340713085467
2024-08-02,0.0052771405403753135,-0.0012687919053125437,0,0.0,0.0,1.0562340713085467
2024-08-05,-0.022622645982102618,-0.0010912064583811513,0,0.0,-0.0,1.0562340713085467
2024-08-06,-0.007064751258162971,-0.00017835174119642435,0,0.0,-0.0,1.0562340713085467
2024-08-07,-0.006170705454783487,0.00015137135116113709,1,1.0,-0.006670705454783488,1.0491882449275407
2024-08-08,0.009813248984989364,0.00046518869705926334,1,0.0,0.009813248984989364,1.0594841904071386
2024-08-09,0.00362957166286737,0.0008828592952661653,1,0.0,0.00362957166286737,1.0633296642018963
2024-08-12,0.006910994421025052,0.0010376498750489615,1,0.0,0.006910994421025052,1.0706783295789062
2024-08-13,0.00625107838668626,0.00011761896546435443,1,0.0,0.00625107838668626,1.0773712237440303
2024-08-14,-0.008103312139774665,-0.00022646113898530613,0,1.0,-0.0005,1.0768325381321584
2024-08-15,0.0034958158674314177,-7.682492845657868e-05,0,0.0,0.0,1.0768325381321584
2024-08-16,0.004607496272343248,6.027211920099144e-05,1,1.0,0.004107496272343247,1.0812556237684743
2024-08-19,0.007936390864549558,6.600600561895747e-05,1,0.0,0.007936390864549558,1.0898368910231933
2024-08-20,0.0006078844227275226,6.862997551978104e-05,1,0.0,0.0006078844227275226,1.09049938589256
2024-08-21,-0.00997551400621255,0.00031887781188318066,1,0.0,-0.00997551400621255,1.0796210939948225
2024-08-22,0.006526020644119335,0.00035470188616975543,1,0.0,0.006526020644119335,1.0866667235420595
2024-08-23,-0.0025443499058388497,0.00016639272595517799,1,0.0,-0.0025443499058388497,1.083901863166337
2024-08-26,-0.0017335466974275349,0.00037764389427215187,1,0.0,-0.0017335466974275349,1.0820228686711095
2024-08-27,-0.0012256600146676178,0.000592372456619257,1,0.0,-0.0012256600146676178,1.0806966765060233
2024-08-28,-0.003275735443896366,0.0005763159354520947,1,0.0,-0.003275735443896366,1.0771566000986914
2024-08-29,-0.010720569984854933,0.0003217219862714909,1,0.0,-0.010720569984854933,1.065608867382685
2024-08-30,0.01622298798830535,0.0005897898370513855,1,0.0,0.01622298798830535,1.082896227238466
2024-09-03,0.012807738378287858,4.672857063445862e-05,1,0.0,0.012807738378287858,1.096765678807771
2024-09-04,0.005639881794379242,-0.0001412820425892949,0,1.0,-0.0005,1.0962172959683674
2024-09-05,-0.00010038803784517825,-0.00022184429996757182,0,0.0,-0.0,1.0962172959683674
2024-09-06,0.00430960247722556,-0.0002487610639349951,0,0.0,0.0,1.0962172959683674
2024-09-09,0.006976407551627872,-0.0007645419451340102,0,0.0,0.0,1.0962172959683674
2024-09-10,-0.0007948425623371946,-0.0005328969050134657,0,0.0,-0.0,1.0962172959683674
2024-09-11,-0.004682472381695391,-0.00016869419821205923,0,0.0,-0.0,1.0962172959683674
2024-09-12,0.00269263721848656,9.278207484221163e-05,1,1.0,0.00219263721848656,1.0986209028110563
2024-09-13,0.009120697663150601,2.2594735454013168e-05,1,0.0,0.009120697663150601,1.1086410919120135
2024-09-16,-0.004847499419681434,-0.00010436440534894291,0,1.0,-0.0005,1.1080867713660576
2024-09-17,-0.012473316691061775,0.0002597106495663264,1,1.0,-0.012973316691061776,1.0937112107599496
2024-09-18,-0.0033189949876657465,0.0005523000985454248,1,0.0,-0.0033189949876657465,1.0900811887334836
2024-09-19,-0.0038357396781609765,0.0004370152747393963,1,0.0,-0.0038357396781609765,1.0858999210654416
2024-09-20,-0.002126058750107518,0.0006418888744157961,1,0.0,-0.002126058750107518,1.0835912340365195
2024-09-23,-0.0002026177738887469,0.000849095840872662,1,0.0,-0.0002026177738887469,1.0833716791928736
2024-09-24,-0.008347027453139866,0.0007294409967968928,1,0.0,-0.008347027453139866,1.0743287460446964
2024-09-25,0.0023483349371327122,0.0006166704219279898,1,0.0,0.0023483349371327122,1.076851629772999
2024-09-26,0.005187325843701629,0.00042595818514098115,1,0.0,0.005187325843701629,1.0824376100619528
2024-09-27,-0.004779531526187597,0.00021964907936136726,1,0.0,-0.004779531526187597,1.0772640653795305
2024-09-30,0.007194087948205308,0.00038433343419691545,1,0.0,0.007194087948205308,1.085013997809312
2024-10-01,-0.0084629214363936,6.431182431231006e-05,1,0.0,-0.0084629214363936,1.0758316095884646
2024-10-02,-0.009465131000439442,4.8781694307855586e-05,1,0.0,-0.009465131000439442,1.065648722469296
2024-10-03,-0.01237733301986399,0.00031193132600937454,1,0.0,-0.01237733301986399,1.052458833349101
2024-10-04,-0.007563760722064217,0.0007489981569802106,1,0.0,-0.007563760722064217,1.0444982865638255
2024-10-07,0.0016857496120179505,0.0007320766967341502,1,0.0,0.0016857496120179505,1.0462590491451538
2024-10-08,-0.005701104245456001,0.0007655924033574607,1,0.0,-0.005701104245456001,1.0402942172382257
2024-10-09,-0.003925047813323701,0.0007106796537062063,1,0.0,-0.003925047813323701,1.0362110126956414
2024-10-10,-0.00404726050501214,0.0005507495211708434,1,0.0,-0.00404726050501214,1.0320171967890996
2024-10-11,0.0007466439271333059,0.0002679472174365574,1,0.0,0.0007466439271333059,1.0327877461617794
2024-10-14,0.012084165406165859,-4.321805355818755e-05,0,1.0,-0.0005,1.0322713522886986
2024-10-15,0.004205601077222454,-0.0002490297163273578,0,0.0,0.0,1.0322713522886986
2024-10-16,-0.015969886354024077,-0.0003916275359425167,0,0.0,-0.0,1.0322713522886986
2024-10-17,0.0007459329047740937,4.832104197630405e-05,1,1.0,0.0002459329047740937,1.032525221780882
2024-10-18,-0.01762516420144067,-0.0001641887691216683,0,1.0,-0.0005,1.0320089591699917
2024-10-21,0.0009752579838053776,0.00041147983852228955,1,1.0,0.00047525798380537764,1.0324994296671959
2024-10-22,-0.002711583930539163,0.0005748035853356516,1,0.0,-0.002711583930539163,1.0296997208054195
2024-10-23,0.006387769922761244,0.0008005383813838566,1,0.0,0.006387769922761244,1.036277205711456
2024-10-24,-0.005627740174513285,0.00015736487337144445,1,0.0,-0.005627740174513285,1.0304453068489412
2024-10-25,-0.002717147279781784,0.00034539343696717137,1,0.0,-0.002717147279781784,1.0276454351864728
2024-10-28,0.0015224567425029534,-0.00011833943506951728,0,1.0,-0.0005,1.0271316124688796
2024-10-29,0.0029296984697166906,-0.0001927635766952107,0,0.0,0.0,1.0271316124688796
2024-10-30,0.001623556112177127,-0.00029448388373215116,0,0.0,0.0,1.0271316124688796
2024-10-31,-0.01419848209202268,-0.00011273007256806772,0,0.0,-0.0,1.0271316124688796
2024-11-01,0.01540258607672218,0.0002516734891943505,1,1.0,0.01490258607672218,1.0424385297358196
2024-11-04,0.005297673170820083,-0.00025531223131870074,0,1.0,-0.0005,1.0419173104709518
2024-11-05,-0.027770558261205558,-0.00027317269017284056,0,0.0,-0.0,1.0419173104709518
2024-11-06,0.012449894278489637,0.0007518501779918158,1,1.0,0.011949894278489637,1.054368112178008
2024-11-07,0.01262114540310666,0.0003152918798410983,1,0.0,0.01262114540310666,1.0676754454302058
2024-11-08,-0.00487731617286169,-0.0003310079120575057,0,1.0,-0.0005,1.0671416077074907
2024-11-11,-0.0151068468782114,0.0002895338787134218,1,1.0,-0.0156068468782114,1.0504868920386317
2024-11-12,-0.009531256890541684,0.0007749496277773913,1,0.0,-0.009531256890541684,1.0404744316104648
2024-11-13,0.005773869225908612,0.00011604786529260982,1,0.0,0.005773869225908612,1.0464819949114852
2024-11-14,-0.0026604843305477743,0.0002959435599036689,1,0.0,-0.0026604843305477743,1.043697845961823
2024-11-15,0.0017745593532723092,0.0007069146215410618,1,0.0,0.0017745593532723092,1.0455499497363647
2024-11-18,0.0050844520381163605,0.0005989943221863488,1,0.0,0.0050844520381163605,1.0508659983092543
2024-11-19,-0.003202503368115117,2.6479647328616317e-05,1,0.0,-0.003202503368115117,1.0475005964102313
2024-11-20,-0.0007747745027861797,-0.00012123898810095142,0,1.0,-0.0005,1.0469768461120263
2024-11-21,0.000553434091840721,-6.180574473850297e-06,0,0.0,0.0,1.0469768461120263
2024-11-22,0.025558630394472814,-7.426984206215459e-05,0,0.0,0.0,1.0469768461120263
2024-11-25,-0.0038899536283096836,-0.0006115939031925622,0,0.0,-0.0,1.0469768461120263
2024-11-26,0.006904857178016144,-0.00020260572177840643,0,0.0,0.0,1.0469768461120263
2024-11-27,0.010268453456355076,-0.0005303038040994871,0,0.0,0.0,1.0469768461120263
2024-11-29,0.0023997333261656095,-0.0008098878323187193,0,0.0,0.0,1.0469768461120263
2024-12-02,-0.008666413254482919,-0.000733955503896907,0,0.0,-0.0,1.0469768461120263
2024-12-03,0.010688374073305695,0.00010046464151252407,1,1.0,0.010188374073305695,1.0576438378663056
2024-12-04,0.0020181317080583128,-0.0003841713789128812,0,1.0,-0.0005,1.0571150159473726
2024-12-05,0.0014843678307787656,-6.965148763362943e-05,0,0.0,0.0,1.0571150159473726
2024-12-06,-0.009259927615945074,9.984683200745737e-05,1,1.0,-0.009759927615945074,1.0467976499099976
2024-12-09,-0.004716105935155923,0.0003859923273208904,1,0.0,-0.004716105935155923,1.0418608413003498
2024-12-10,-0.009499123862768855,0.00024170388878179457,1,0.0,-0.009499123862768855,1.0319640761210693
2024-12-11,-0.01222177222919818,0.000822798791376002,1,0.0,-0.01222177222919818,1.0193516462340027
2024-12-12,-0.010263331848146429,0.0012139046330707406,1,0.0,-0.010263331848146429,1.0088897020187486
2024-12-13,0.0029905946347366097,0.0014108874274331674,1,0.0,0.0029905946347366097,1.011906882148647
2024-12-16,0.002430069454094408,0.00106229268064163,1,0.0,0.002430069454094408,1.0143658861533442
2024-12-17,-0.012583084232853814,0.0008894090232394555,1,0.0,-0.012583084232853814,1.0016020347649432
2024-12-18,-0.015257203743487935,0.0009854725913091395,1,0.0,-0.015257203743487935,0.9863203884506424
2024-12-19,0.0056779739791794626,0.0010366382160854517,1,0.0,0.0056779739791794626,0.9919206899513994
2024-12-20,-0.009214448160960842,0.0005200464007357867,1,0.0,-0.009214448160960842,0.9827806881740577
2024-12-23,0.004219496421130842,0.0008911647463551425,1,0.0,0.004219496421130842,0.9869275277705647
2024-12-24,-0.0005690782699661057,0.0006248448925440217,1,0.0,-0.0005690782699661057,0.9863658887604791
2024-12-26,-0.008232462966038412,0.00033610981625214554,1,0.0,-0.008232462966038412,0.9782456681102949
2024-12-27,0.008004740949058231,8.66329943475046e-05,1,0.0,0.008004740949058231,0.9860762712680562
2024-12-30,-0.005367439721402967,-8.47968562293875e-05,0,1.0,-0.0005,0.9855832331324222
2024-12-31,0.002744364348327366,-0.0001582767733797455,0,0.0,0.0,0.9855832331324222
2025-01-02,-0.0032025965049919947,-0.0001111858271513096,0,0.0,-0.0,0.9855832331324222
2025-01-03,-0.004477853210571148,-8.308907636686775e-05,0,0.0,-0.0,0.9855832331324222
2025-01-06,-0.011341468685454714,-0.00022288394366290278,0,0.0,-0.0,0.9855832331324222
2025-01-07,0.0012794774360100902,0.0002732637538715283,1,1.0,0.0007794774360100902,0.9863514730239589
2025-01-08,-0.006647777563223656,7.479083389536051e-05,1,0.0,-0.006647777563223656,0.9797944278321375
2025-01-10,-0.0003509457002239813,0.00035988988002836296,1,0.0,-0.0003509457002239813,0.9794505731905865
2025-01-13,-0.0016401751356518446,0.0002947254428575267,1,0.0,-0.0016401751356518446,0.9778441027138394
2025-01-14,0.017088482103527092,0.0002787703647880355,1,0.0,0.017088482103527092,0.9945539741631043
2025-01-15,0.003222038948027084,-0.00041077313855868505,0,1.0,-0.0005,0.9940566971760229
2025-01-16,0.0017220822413701597,-0.00037576638512486443,0,0.0,0.0,0.9940566971760229
2025-01-17,0.00890615476297274,-0.0006148546119837788,0,0.0,0.0,0.9940566971760229
2025-01-21,-0.005242781582994738,-0.0008026255902966348,0,0.0,-0.0,0.9940566971760229
2025-01-22,-0.007800875162092602,-0.0005608468935736938,0,0.0,-0.0,0.9940566971760229
2025-01-23,0.004481364742293437,4.449125664011391e-05,1,1.0,0.003981364742293436,0.9980143994620002
2025-01-24,0.011740082784937655,4.841537124661321e-06,1,0.0,0.011740082784937655,1.0097311711322439
2025-01-27,-0.0006800801205777418,-0.00024851041351034637,0,1.0,-0.0005,1.0092263055466777
2025-01-28,-0.0020431983065725134,8.083011473294913e-05,1,1.0,-0.0025431983065725135,1.006659642915463
2025-01-29,0.0037425766424918905,2.603172977864479e-05,1,0.0,0.0037425766424918905,1.0104271437819776
2025-01-30,-0.0065871214751895835,-0.000371787638946466,0,1.0,-0.0005,1.0099219302100866
2025-01-31,0.008109019042070287,6.1770006721167595e-06,1,1.0,0.007609019042070286,1.0176064454080596
2025-02-03,0.003057927461044052,2.9167851290441108e-05,1,0.0,0.003057927461044052,1.0207182121020082
2025-02-04,0.016375343283781874,-8.143698164070738e-06,0,1.0,-0.0005,1.0202078529959573
2025-02-05,-0.0004449897795453239,-0.00044424398992073965,0,0.0,-0.0,1.0202078529959573
2025-02-06,-0.006476193703503164,-0.00017178453139325868,0,0.0,-0.0,1.0202078529959573
2025-02-07,-0.0030291099331272164,-0.00017480731693668403,0,0.0,-0.0,1.0202078529959573
2025-02-10,-0.00642504986760617,0.00012563084245844933,1,1.0,-0.00692504986760617,1.013142862738637
2025-02-11,-0.013663093969749518,0.0003842455795275342,1,0.0,-0.013663093969749518,0.9993001966002579
2025-02-12,0.01648615564060485,0.0011425940347368653,1,0.0,0.01648615564060485,1.0157748151730968
2025-02-13,0.00528598896144139,0.0005623971631577849,1,0.0,0.00528598896144139,1.021144189633412
2025-02-14,-0.011847907721759476,0.0003256003597968763,1,0.0,-0.011847907721759476,1.0090457675040243
2025-02-18,0.001247839569176179,0.0006213626027592372,1,0.0,0.001247839569176179,1.0103048947398257
2025-02-19,0.0037340264195124817,0.00028518273954247124,1,0.0,0.0037340264195124817,1.0140773999085468
2025-02-20,0.012012628214402632,-0.00018560026207854226,0,1.0,-0.0005,1.0135703612085927
2025-02-21,0.0028973231145119627,-2.584558507031077e-05,0,0.0,0.0,1.0135703612085927
2025-02-24,0.017099925422888518,8.581579709815372e-05,1,1.0,0.016599925422888517,1.0303955536155056
2025-02-25,0.0058895868643915605,-0.000778584951570269,0,1.0,-0.0005,1.029880355838698
2025-02-26,-0.007093585112699863,-0.000809210319467348,0,0.0,-0.0,1.029880355838698
2025-02-27,0.012191345024352707,-0.00042076492554915794,0,0.0,0.0,1.029880355838698
2025-02-28,0.004656084200270527,-0.0004977632650857817,0,0.0,0.0,1.029880355838698
2025-03-03,-0.012391512880872924,-0.0004440383913534294,0,0.0,-0.0,1.029880355838698
2025-03-04,-0.00801633526372214,0.0003762423294456504,1,1.0,-0.008516335263722141,1.0211095494468543
2025-03-05,-0.0033131714558019,0.0006742066673534629,1,0.0,-0.0033131714558019,1.0177264384343803
2025-03-06,-0.003213099669565622,0.00042688672980911333,1,0.0,-0.003213099669565622,1.0144563819513386
2025-03-07,0.010377714887598088,0.0007916347742884802,1,0.0,0.010377714887598088,1.024984121049134
2025-03-10,-0.007164615218032466,0.0006660217263980773,1,0.0,-0.007164615218032466,1.0176405042172236
2025-03-11,-0.0059912517947084964,0.0006000003031947199,1,0.0,-0.0059912517947084964,1.0115435637199641
2025-03-12,0.008753004089371075,0.0005355690586799937,1,0.0,0.008753004089371075,1.020397608669782
2025-03-13,-0.0053092042710023435,0.00024114402415953843,1,0.0,-0.0053092042710023435,1.0149801093277118
2025-03-14,0.004978241201178513,0.0002680346273729455,1,0.0,0.004978241201178513,1.0200329251263436
2025-03-17,0.000992732791065265,0.000333529441656883,1,0.0,0.000992732791065265,1.0210455452590828
2025-03-18,0.005167825634491585,0.00018640031026533627,1,0.0,0.005167825634491585,1.0263221306018562
2025-03-19,0.0006578388542370917,-0.0001347556474828667,0,1.0,-0.0005,1.0258089695365553
2025-03-20,-0.0059360150488307895,8.519021950877161e-05,1,1.0,-0.00643601504883079,1.0192068475713925
2025-03-21,-0.01030646433273752,4.9154329845641845e-05,1,0.0,-0.01030646433273752,1.008702428549216
2025-03-24,-0.00011141921848789593,0.00044723153302393237,1,0.0,-0.00011141921848789593,1.0085900397129404
2025-03-25,-0.00659484230358931,0.00030858633850033813,1,0.0,-0.00659484230358931,1.0019385474520626
2025-03-26,-0.002919876130444976,0.0005869693915931334,1,0.0,-0.002919876130444976,0.9990130110031846
2025-03-27,0.013739339915717075,0.0006730590244886558,1,0.0,0.013739339915717075,1.0127387903415814
2025-03-28,0.009825073898189984,0.00010446723914105306,1,0.0,0.009825073898189984,1.022689023796251
2025-03-31,0.008628157220687882,-0.000395234768056745,0,1.0,-0.0005,1.0221776792843529
2025-04-01,-0.0006559860790176231,-0.0005168453879244037,0,0.0,-0.0,1.0221776792843529
2025-04-02,0.004583060753524215,-0.0006041242985213614,0,0.0,0.0,1.0221776792843529
2025-04-03,0.010828571572356616,-0.0008191650084613614,0,0.0,0.0,1.0221776792843529
2025-04-04,-0.03062017796497507,-0.0007104766726719222,0,0.0,-0.0,1.0221776792843529
2025-04-07,-0.0190589176065874,0.0006098198616442021,1,1.0,-0.0195589176065874,1.0021849902759377
2025-04-08,0.005868406837149287,0.0012441302190437855,1,0.0,0.005868406837149287,1.0080662195249614
2025-04-09,-0.027955485707908956,0.0009829202373117581,1,0.0,-0.027955485707908956,0.9798852387324056
2025-04-10,0.005423891115667878,0.0019198863833591354,1,0.0,0.005423891115667878,0.9852000295731405
2025-04-11,0.007110091036778066,0.0018989469516005615,1,0.0,0.007110091036778066,0.992204891472842
2025-04-14,0.0035363101940157904,0.0008579723200085513,1,0.0,0.0035363101940157904,0.9957136357451097
2025-04-15,0.0055639070975948,0.0002606977097723678,1,0.0,0.0055639070975948,1.001253693910204
2025-04-16,-0.00887185950859859,0.0002581623169181944,1,0.0,-0.00887185950859859,0.9923707118053672
2025-04-17,-0.017634159228741453,-0.0003177858935472113,0,1.0,-0.0005,0.9918745264494645
2025-04-21,0.0055660012493392585,0.00035859415079959704,1,1.0,0.005066001249339258,0.9968993640396453
2025-04-22,0.009666327550617027,0.0003354170898010423,1,0.0,0.009666327550617027,1.0065357198274543
2025-04-23,0.010480701131744041,0.0002106356637927753,1,0.0,0.010480701131744041,1.0170849198853906
2025-04-24,0.0073392260919913355,0.0001738027165841186,1,0.0,0.0073392260919913355,1.0245495360671844
2025-04-25,0.006280170015456221,-0.000201864585675628,0,1.0,-0.0005,1.0240372612991508
2025-04-28,0.00834964765556645,-0.0010003889803625779,0,0.0,0.0,1.0240372612991508
2025-04-29,-0.008125981284914374,-0.0011025922464404636,0,0.0,-0.0,1.0240372612991508
2025-04-30,-0.005083493383567728,-0.0005379303480339843,0,0.0,-0.0,1.0240372612991508
2025-05-01,-0.01088325916099997,-0.00015202771576836802,0,0.0,-0.0,1.0240372612991508
2025-05-02,-0.005600978419551872,0.0003115419193685877,1,1.0,-0.006100978419551872,1.0177896320671478
2025-05-05,0.0033186399132274502,0.0004971427547462496,1,0.0,0.0033186399132274502,1.0211673093633948
2025-05-06,0.004218366763490522,0.0007104715899713142,1,0.0,0.004218366763490522,1.0254749676011765
2025-05-07,-0.011211833191437037,0.0004932566975056806,1,0.0,-0.011211833191437037,1.0139775133224378
2025-05-08,0.0014946135356987966,0.0006812795611349366,1,0.0,0.0014946135356987966,1.0154930178387438
2025-05-09,-0.009348513225925892,0.0003819179937990802,1,0.0,-0.009348513225925892,1.0059996679306429
2025-05-12,-0.004066791752778798,0.0004852066532861829,1,0.0,-0.004066791752778798,1.0019084767778044
2025-05-13,-0.006658414647029431,0.0005849370720138451,1,0.0,-0.006658414647029431,0.9952373547010441
2025-05-14,0.008751965415724428,0.000824868341482001,1,0.0,0.008751965415724428,1.0039476376098246
2025-05-15,0.002668655362262129,0.000229167857498078,1,0.0,0.002668655362262129,1.0066268278563626
2025-05-16,-0.002901025787322986,0.000295479278992068,1,0.0,-0.002901025787322986,1.00370657747054
2025-05-19,-0.0072312125513693815,0.00020532245275042195,1,0.0,-0.0072312125513693815,0.996448561869643
2025-05-20,-0.017237758278150217,0.0002590854749948919,1,0.0,-0.017237758278150217,0.9792720224235237
2025-05-21,0.005226354499305863,0.0005107188477299045,1,0.0,0.005226354499305863,0.9843900451639612
2025-05-22,0.001657198238842028,0.0004231276186358369,1,0.0,0.001657198238842028,0.9860213746131405
2025-05-23,0.013859767637122822,0.0004376423056695911,1,0.0,0.013859767637122822,0.9996874017505151
2025-05-27,-0.004325282745090142,-1.0478837835735832e-05,0,1.0,-0.0005,0.9991875580496399
2025-05-28,0.009212335642894587,-5.1237661798784716e-05,0,0.0,0.0,0.9991875580496399
2025-05-29,0.0015078722803503197,-0.0008145654194932075,0,0.0,0.0,0.9991875580496399
2025-05-30,-0.009350151426917641,-0.000628535365627726,0,0.0,-0.0,0.9991875580496399
2025-06-02,-0.0017629224941915211,-0.00022682742186367995,0,0.0,-0.0,0.9991875580496399
2025-06-03,0.016102949366649355,0.00014129144765200229,1,1.0,0.015602949366649355,1.0147778309256745
2025-06-04,0.0006941327668723574,-0.00041519856207431274,0,1.0,-0.0005,1.0142704420102118
2025-06-05,-0.01280564309381127,-0.00011302383986946697,0,0.0,-0.0,1.0142704420102118
2025-06-06,0.0010539677789633828,0.00037710092514231237,1,1.0,0.0005539677789633828,1.0148323151542404
2025-06-09,0.005136531378357567,-5.797226756525068e-06,0,1.0,-0.0005,1.0143248989966633
2025-06-10,0.0030229369062686473,-0.00014453943391474849,0,0.0,0.0,1.0143248989966633
2025-06-11,0.011886293174013574,0.00022395621618382703,1,1.0,0.011386293174013573,1.0258742996703412
2025-06-12,-0.009682923214609396,-1.3381649860616626e-05,0,1.0,-0.0005,1.025361362520506
2025-06-13,-0.010128773961433524,-7.290594994177598e-05,0,0.0,-0.0,1.025361362520506
2025-06-16,0.012095925058241974,0.00019197346881401933,1,1.0,0.011595925058241974,1.0372513760379107
2025-06-17,0.0017326709430962595,-3.745705399262872e-05,0,1.0,-0.0005,1.0367327503498918
2025-06-18,-0.0018482891522717537,0.00010692590149518036,1,1.0,-0.0023482891522717537,1.0342982020784404
2025-06-20,0.0032320897427586814,0.0005512212959408781,1,0.0,0.0032320897427586814,1.0376411466883317
2025-06-23,0.007234541104317316,0.00014393149069850825,1,0.0,0.007234541104317316,1.0451480042155794
2025-06-24,0.0012576632505902907,-0.0003549064363235684,0,1.0,-0.0005,1.0446254302134717
2025-06-25,0.00501542167509772,-0.00011824415232514886,0,0.0,0.0,1.0446254302134717
2025-06-26,-0.006387689069592639,-0.00018097763698302484,0,0.0,-0.0,1.0446254302134717
2025-06-27,0.00979278619682411,-4.830892815696383e-05,0,0.0,0.0,1.0446254302134717
2025-06-30,0.0024764826395866635,-0.0002689944744614668,0,0.0,0.0,1.0446254302134717
2025-07-01,-0.00637372269056069,-4.102171201531739e-05,0,0.0,-0.0,1.0446254302134717
2025-07-02,-0.006989449190527353,0.00021452433997684137,1,1.0,-0.007489449190527353,1.0368017611307552
2025-07-03,-0.009589351041891625,0.00042032120294354996,1,0.0,-0.009589351041891625,1.026859505082421
2025-07-07,-0.0012779306802155332,0.0004815074355189187,1,0.0,-0.0012779306802155332,1.0255472498166052
2025-07-08,0.010407258976334433,0.0007472095808421033,1,0.0,0.010407258976334433,1.0362203856379142
2025-07-09,0.0006899105980169296,0.000547115579164338,1,0.0,0.0006899105980169296,1.036935285063847
2025-07-10,-0.013890631828159528,0.00038907307402412817,1,0.0,-0.013890631828159528,1.0225315987893975
2025-07-11,-0.0021004316902279996,0.0006074011401831999,1,0.0,-0.0021004316902279996,1.0203838410150408
2025-07-14,-0.007033202832869456,0.0002405813883395182,1,0.0,-0.007033202832869456,1.0132072744937997
2025-07-15,0.0014105672869906272,0.00044465547949704934,1,0.0,0.0014105672869906272,1.0146364715301415
2025-07-16,-0.00023491125434560445,0.0006624867030302498,1,0.0,-0.00023491125434560445,1.0143981220039096
2025-07-17,0.0015262533378397336,0.0006234458576137211,1,0.0,0.0015262533378397336,1.0159463505235165
2025-07-18,0.00887644225086337,0.00016062805008178102,1,0.0,0.00887644225086337,1.0249643396339139
2025-07-21,0.00602832942126863,-9.926437381121868e-05,0,1.0,-0.0005,1.024451857464097
2025-07-22,-0.005563243769294068,-0.0004430046011168877,0,0.0,-0.0,1.024451857464097
2025-07-23,-0.0017449191227472127,-0.00022837806183610186,0,0.0,-0.0,1.024451857464097
2025-07-24,0.006267403889538947,-0.00022471590721916362,0,0.0,0.0,1.024451857464097
2025-07-25,-0.006500236273251581,-0.0003929228088338805,0,0.0,-0.0,1.024451857464097
2025-07-28,0.01674495635907558,0.00010567252332973915,1,1.0,0.01624495635907558,1.0410940331805754
2025-07-29,-0.005166761772298578,-0.000244721063181304,0,1.0,-0.0005,1.040573486163985
2025-07-30,0.0005754145284253553,-0.00015917913607798884,0,0.0,0.0,1.040573486163985
2025-07-31,0.01411643252771988,-0.0002251447765776956,0,0.0,0.0,1.040573486163985
2025-08-01,0.002729123429293878,-0.0003907518199844221,0,0.0,0.0,1.040573486163985
2025-08-04,0.0030614522971275093,-0.0005290535983611764,0,0.0,0.0,1.040573486163985
2025-08-05,-0.0057905757264213875,-0.00016196295705577646,0,0.0,-0.0,1.040573486163985
2025-08-06,-0.0017095576635517418,-0.00017444180443693867,0,0.0,-0.0,1.040573486163985
2025-08-07,-0.004343794446896254,-0.00014706034056356695,0,0.0,-0.0,1.040573486163985
2025-08-08,0.0011449021303668871,0.00037422432123547283,1,1.0,0.0006449021303668871,1.0412445542220155
2025-08-11,-0.005047597220236177,0.0003957513049593827,1,0.0,-0.005047597220236177,1.0359887711045384
2025-08-12,0.008246489536765544,0.0006547673383813496,1,0.0,0.008246489536765544,1.0445320416656585
2025-08-13,-0.00744177850036376,0.000256560394655785,1,0.0,-0.00744177850036376,1.03675886557505
2025-08-14,-0.007150226533659598,0.0004869870667104551,1,0.0,-0.007150226533659598,1.0293458048254083
2025-08-15,-0.0028977224561952397,0.000524222451558813,1,0.0,-0.0028977224561952397,1.0263630463715754
2025-08-18,0.005787072372412716,0.0005405081045986104,1,0.0,0.005787072372412716,1.0323026836012976
2025-08-19,0.0021902090874599267,0.00019927755265942447,1,0.0,0.0021902090874599267,1.0345636423199305
2025-08-20,-0.004963803305859216,0.0004086459468218283,1,0.0,-0.004963803305859216,1.029428271892061
2025-08-21,0.007379224269279838,0.00036427702205972013,1,0.0,0.007379224269279838,1.0370246539794898
2025-08-22,-0.0028760541260384187,-0.00010171009103971999,0,1.0,-0.0005,1.0365061416525
2025-08-25,-0.0005762224178447184,-2.116739164518503e-05,0,0.0,-0.0,1.0365061416525
2025-08-26,-0.0011533535069974121,2.6190260922890788e-05,1,1.0,-0.0016533535069974121,1.0347924305881746
2025-08-27,0.006556639757522298,0.00013925917150637302,1,0.0,0.006556639757522298,1.0415771917793522
2025-08-28,-0.007133859946089949,-0.00018848346983124615,0,1.0,-0.0005,1.0410564031834626
