Date,NFCI
2003-01-03,-0.48701
2003-01-10,-0.50015
2003-01-17,-0.51257
2003-01-24,-0.52224
2003-01-31,-0.52942
2003-02-07,-0.53334
2003-02-14,-0.53596
2003-02-21,-0.53859
2003-02-28,-0.54281
2003-03-07,-0.54941
2003-03-14,-0.55945
2003-03-21,-0.57418
2003-03-28,-0.59379
2003-04-04,-0.61713
2003-04-11,-0.64272
2003-04-18,-0.66736
2003-04-25,-0.68874
2003-05-02,-0.70505
2003-05-09,-0.71471
2003-05-16,-0.71917
2003-05-23,-0.71964
2003-05-30,-0.71825
2003-06-06,-0.71637
2003-06-13,-0.71567
2003-06-20,-0.71712
2003-06-27,-0.71976
2003-07-04,-0.72269
2003-07-11,-0.72424
2003-07-18,-0.7225
2003-07-25,-0.71747
2003-08-01,-0.70759
2003-08-08,-0.69736
2003-08-15,-0.68727
2003-08-22,-0.67909
2003-08-29,-0.67387
2003-09-05,-0.67234
2003-09-12,-0.67462
2003-09-19,-0.67994
2003-09-26,-0.68688
2003-10-03,-0.69472
2003-10-10,-0.70332
2003-10-17,-0.7113
2003-10-24,-0.71696
2003-10-31,-0.72142
2003-11-07,-0.72351
2003-11-14,-0.72364
2003-11-21,-0.7224
2003-11-28,-0.72106
2003-12-05,-0.7192
2003-12-12,-0.71997
2003-12-19,-0.72331
2003-12-26,-0.72961
2004-01-02,-0.73955
2004-01-09,-0.75277
2004-01-16,-0.76665
2004-01-23,-0.78
2004-01-30,-0.79228
2004-02-06,-0.80222
2004-02-13,-0.81091
2004-02-20,-0.81702
2004-02-27,-0.8205
2004-03-05,-0.82115
2004-03-12,-0.81968
2004-03-19,-0.81552
2004-03-26,-0.80893
2004-04-02,-0.80046
2004-04-09,-0.78943
2004-04-16,-0.77595
2004-04-23,-0.76068
2004-04-30,-0.74522
2004-05-07,-0.73027
2004-05-14,-0.71756
2004-05-21,-0.70749
2004-05-28,-0.70034
2004-06-04,-0.69553
2004-06-11,-0.69288
2004-06-18,-0.69149
2004-06-25,-0.6919
2004-07-02,-0.69323
2004-07-09,-0.69521
2004-07-16,-0.69699
2004-07-23,-0.699
2004-07-30,-0.70106
2004-08-06,-0.70226
2004-08-13,-0.70407
2004-08-20,-0.70534
2004-08-27,-0.70637
2004-09-03,-0.70604
2004-09-10,-0.70588
2004-09-17,-0.70552
2004-09-24,-0.70488
2004-10-01,-0.70409
2004-10-08,-0.70399
2004-10-15,-0.7047
2004-10-22,-0.70728
2004-10-29,-0.71041
2004-11-05,-0.71396
2004-11-12,-0.71814
2004-11-19,-0.7203
2004-11-26,-0.72092
2004-12-03,-0.71927
2004-12-10,-0.71621
2004-12-17,-0.7114
2004-12-24,-0.70613
2004-12-31,-0.70198
2005-01-07,-0.69965
2005-01-14,-0.70014
2005-01-21,-0.70267
2005-01-28,-0.70729
2005-02-04,-0.7128
2005-02-11,-0.71678
2005-02-18,-0.71757
2005-02-25,-0.71476
2005-03-04,-0.70774
2005-03-11,-0.69739
2005-03-18,-0.68398
2005-03-25,-0.66944
2005-04-01,-0.65499
2005-04-08,-0.64162
2005-04-15,-0.62988
2005-04-22,-0.62039
2005-04-29,-0.61332
2005-05-06,-0.60817
2005-05-13,-0.60456
2005-05-20,-0.60294
2005-05-27,-0.60331
2005-06-03,-0.604
2005-06-10,-0.60543
2005-06-17,-0.60658
2005-06-24,-0.6081
2005-07-01,-0.60999
2005-07-08,-0.61147
2005-07-15,-0.61439
2005-07-22,-0.61634
2005-07-29,-0.61743
2005-08-05,-0.61639
2005-08-12,-0.61388
2005-08-19,-0.60881
2005-08-26,-0.60213
2005-09-02,-0.5942
2005-09-09,-0.58631
2005-09-16,-0.57883
2005-09-23,-0.57291
2005-09-30,-0.56978
2005-10-07,-0.57052
2005-10-14,-0.57465
2005-10-21,-0.58053
2005-10-28,-0.58677
2005-11-04,-0.59079
2005-11-11,-0.59229
2005-11-18,-0.58971
2005-11-25,-0.58471
2005-12-02,-0.57799
2005-12-09,-0.57138
2005-12-16,-0.56639
2005-12-23,-0.56485
2005-12-30,-0.56655
2006-01-06,-0.57274
2006-01-13,-0.58261
2006-01-20,-0.59329
2006-01-27,-0.60552
2006-02-03,-0.61635
2006-02-10,-0.62495
2006-02-17,-0.63154
2006-02-24,-0.63563
2006-03-03,-0.63675
2006-03-10,-0.6362
2006-03-17,-0.63479
2006-03-24,-0.6332
2006-03-31,-0.63062
2006-04-07,-0.62844
2006-04-14,-0.62608
2006-04-21,-0.6243
2006-04-28,-0.62153
2006-05-05,-0.61628
2006-05-12,-0.60895
2006-05-19,-0.59752
2006-05-26,-0.58407
2006-06-02,-0.56973
2006-06-09,-0.5559
2006-06-16,-0.54333
2006-06-23,-0.53431
2006-06-30,-0.53017
2006-07-07,-0.5308
2006-07-14,-0.53664
2006-07-21,-0.54688
2006-07-28,-0.56054
2006-08-04,-0.5748
2006-08-11,-0.58804
2006-08-18,-0.5986
2006-08-25,-0.60545
2006-09-01,-0.60833
2006-09-08,-0.60835
2006-09-15,-0.60718
2006-09-22,-0.60657
2006-09-29,-0.60759
2006-10-06,-0.61115
2006-10-13,-0.61729
2006-10-20,-0.62395
2006-10-27,-0.63033
2006-11-03,-0.63406
2006-11-10,-0.63532
2006-11-17,-0.63385
2006-11-24,-0.63026
2006-12-01,-0.62593
2006-12-08,-0.62308
2006-12-15,-0.62361
2006-12-22,-0.62811
2006-12-29,-0.63657
2007-01-05,-0.64844
2007-01-12,-0.66161
2007-01-19,-0.674
2007-01-26,-0.68346
2007-02-02,-0.6872
2007-02-09,-0.68568
2007-02-16,-0.67786
2007-02-23,-0.66524
2007-03-02,-0.64944
2007-03-09,-0.63489
2007-03-16,-0.6227
2007-03-23,-0.6144
2007-03-30,-0.60856
2007-04-06,-0.60481
2007-04-13,-0.60117
2007-04-20,-0.59672
2007-04-27,-0.59008
2007-05-04,-0.58116
2007-05-11,-0.57242
2007-05-18,-0.56322
2007-05-25,-0.55449
2007-06-01,-0.54791
2007-06-08,-0.54484
2007-06-15,-0.54124
2007-06-22,-0.53613
2007-06-29,-0.52438
2007-07-06,-0.50002
2007-07-13,-0.45566
2007-07-20,-0.3874
2007-07-27,-0.29342
2007-08-03,-0.18099
2007-08-10,-0.06002
2007-08-17,0.05908
2007-08-24,0.15461
2007-08-31,0.20693
2007-09-07,0.22311
2007-09-14,0.1992
2007-09-21,0.14186
2007-09-28,0.07595
2007-10-05,0.0146
2007-10-12,-0.02631
2007-10-19,-0.03341
2007-10-26,-0.0027
2007-11-02,0.0645
2007-11-09,0.16312
2007-11-16,0.2746
2007-11-23,0.3877
2007-11-30,0.48146
2007-12-07,0.54451
2007-12-14,0.57087
2007-12-21,0.55984
2007-12-28,0.5194
2008-01-04,0.47082
2008-01-11,0.42518
2008-01-18,0.4009
2008-01-25,0.40811
2008-02-01,0.43779
2008-02-08,0.49942
2008-02-15,0.58455
2008-02-22,0.68414
2008-02-29,0.78471
2008-03-07,0.87666
2008-03-14,0.93803
2008-03-21,0.96257
2008-03-28,0.94188
2008-04-04,0.88873
2008-04-11,0.81473
2008-04-18,0.73221
2008-04-25,0.64637
2008-05-02,0.57102
2008-05-09,0.51623
2008-05-16,0.48367
2008-05-23,0.47879
2008-05-30,0.50021
2008-06-06,0.54622
2008-06-13,0.60053
2008-06-20,0.65737
2008-06-27,0.70998
2008-07-04,0.74265
2008-07-11,0.75172
2008-07-18,0.74182
2008-07-25,0.71312
2008-08-01,0.68184
2008-08-08,0.66562
2008-08-15,0.6728
2008-08-22,0.7284
2008-08-29,0.83649
2008-09-05,1.00442
2008-09-12,1.226
2008-09-19,1.51077
2008-09-26,1.79247
2008-10-03,2.07298
2008-10-10,2.32384
2008-10-17,2.51798
2008-10-24,2.65787
2008-10-31,2.77706
2008-11-07,2.86785
2008-11-14,2.94698
2008-11-21,3.02305
2008-11-28,3.04961
2008-12-05,3.04308
2008-12-12,2.9788
2008-12-19,2.85452
2008-12-26,2.69493
2009-01-02,2.54205
2009-01-09,2.38937
2009-01-16,2.26563
2009-01-23,2.17566
2009-01-30,2.11617
2009-02-06,2.08619
2009-02-13,2.08725
2009-02-20,2.10454
2009-02-27,2.12136
2009-03-06,2.12598
2009-03-13,2.08885
2009-03-20,2.01652
2009-03-27,1.91148
2009-04-03,1.78721
2009-04-10,1.64731
2009-04-17,1.50574
2009-04-24,1.36696
2009-05-01,1.23212
2009-05-08,1.10841
2009-05-15,1.00725
2009-05-22,0.92335
2009-05-29,0.86427
2009-06-05,0.8172
2009-06-12,0.78163
2009-06-19,0.7516
2009-06-26,0.71496
2009-07-03,0.66969
2009-07-10,0.61479
2009-07-17,0.54827
2009-07-24,0.47695
2009-07-31,0.40851
2009-08-07,0.3489
2009-08-14,0.30024
2009-08-21,0.25996
2009-08-28,0.22351
2009-09-04,0.19148
2009-09-11,0.15851
2009-09-18,0.12571
2009-09-25,0.09687
2009-10-02,0.07478
2009-10-09,0.05409
2009-10-16,0.03719
2009-10-23,0.02406
2009-10-30,0.01633
2009-11-06,0.00755
2009-11-13,-0.00421
2009-11-20,-0.01806
2009-11-27,-0.03654
2009-12-04,-0.0611
2009-12-11,-0.09205
2009-12-18,-0.12476
2009-12-25,-0.15567
2010-01-01,-0.18082
2010-01-08,-0.20113
2010-01-15,-0.21055
2010-01-22,-0.20905
2010-01-29,-0.20458
2010-02-05,-0.20055
2010-02-12,-0.20348
2010-02-19,-0.22037
2010-02-26,-0.24897
2010-03-05,-0.28876
2010-03-12,-0.33508
2010-03-19,-0.38093
2010-03-26,-0.42187
2010-04-02,-0.45039
2010-04-09,-0.46218
2010-04-16,-0.45089
2010-04-23,-0.4151
2010-04-30,-0.35574
2010-05-07,-0.27847
2010-05-14,-0.20175
2010-05-21,-0.12831
2010-05-28,-0.0735
2010-06-04,-0.04238
2010-06-11,-0.03335
2010-06-18,-0.04815
2010-06-25,-0.07579
2010-07-02,-0.11048
2010-07-09,-0.15242
2010-07-16,-0.19297
2010-07-23,-0.2263
2010-07-30,-0.25084
2010-08-06,-0.26514
2010-08-13,-0.26997
2010-08-20,-0.27129
2010-08-27,-0.2734
2010-09-03,-0.28065
2010-09-10,-0.29541
2010-09-17,-0.31465
2010-09-24,-0.33656
2010-10-01,-0.36064
2010-10-08,-0.38442
2010-10-15,-0.40617
2010-10-22,-0.42362
2010-10-29,-0.43727
2010-11-05,-0.44634
2010-11-12,-0.44964
2010-11-19,-0.45172
2010-11-26,-0.45417
2010-12-03,-0.46
2010-12-10,-0.4718
2010-12-17,-0.48709
2010-12-24,-0.50648
2010-12-31,-0.52762
2011-01-07,-0.54928
2011-01-14,-0.56957
2011-01-21,-0.58696
2011-01-28,-0.59894
2011-02-04,-0.6038
2011-02-11,-0.60205
2011-02-18,-0.59248
2011-02-25,-0.57735
2011-03-04,-0.56362
2011-03-11,-0.55305
2011-03-18,-0.54754
2011-03-25,-0.55256
2011-04-01,-0.56338
2011-04-08,-0.57778
2011-04-15,-0.59125
2011-04-22,-0.60084
2011-04-29,-0.60458
2011-05-06,-0.60138
2011-05-13,-0.59195
2011-05-20,-0.57948
2011-05-27,-0.56555
2011-06-03,-0.5521
2011-06-10,-0.53976
2011-06-17,-0.53098
2011-06-24,-0.52399
2011-07-01,-0.51709
2011-07-08,-0.50508
2011-07-15,-0.48265
2011-07-22,-0.4484
2011-07-29,-0.3995
2011-08-05,-0.33558
2011-08-12,-0.26389
2011-08-19,-0.20047
2011-08-26,-0.14196
2011-09-02,-0.09926
2011-09-09,-0.06731
2011-09-16,-0.04943
2011-09-23,-0.04048
2011-09-30,-0.04284
2011-10-07,-0.05462
2011-10-14,-0.07618
2011-10-21,-0.09426
2011-10-28,-0.10831
2011-11-04,-0.10973
2011-11-11,-0.10228
2011-11-18,-0.08962
2011-11-25,-0.07657
2011-12-02,-0.07482
2011-12-09,-0.0809
2011-12-16,-0.09461
2011-12-23,-0.11903
2011-12-30,-0.15325
2012-01-06,-0.19476
2012-01-13,-0.24123
2012-01-20,-0.28743
2012-01-27,-0.32922
2012-02-03,-0.36195
2012-02-10,-0.38587
2012-02-17,-0.40153
2012-02-24,-0.41356
2012-03-02,-0.42448
2012-03-09,-0.43262
2012-03-16,-0.44015
2012-03-23,-0.44389
2012-03-30,-0.44191
2012-04-06,-0.43441
2012-04-13,-0.4217
2012-04-20,-0.40607
2012-04-27,-0.38502
2012-05-04,-0.35887
2012-05-11,-0.32718
2012-05-18,-0.29364
2012-05-25,-0.26683
2012-06-01,-0.24768
2012-06-08,-0.24022
2012-06-15,-0.24562
2012-06-22,-0.26098
2012-06-29,-0.28033
2012-07-06,-0.30341
2012-07-13,-0.32716
2012-07-20,-0.35104
2012-07-27,-0.3724
2012-08-03,-0.39381
2012-08-10,-0.41295
2012-08-17,-0.43112
2012-08-24,-0.44919
2012-08-31,-0.46657
2012-09-07,-0.48504
2012-09-14,-0.50433
2012-09-21,-0.52057
2012-09-28,-0.53367
2012-10-05,-0.54472
2012-10-12,-0.55169
2012-10-19,-0.55584
2012-10-26,-0.55565
2012-11-02,-0.55435
2012-11-09,-0.55247
2012-11-16,-0.5519
2012-11-23,-0.55561
2012-11-30,-0.56125
2012-12-07,-0.56974
2012-12-14,-0.58116
2012-12-21,-0.5936
2012-12-28,-0.60567
2013-01-04,-0.62026
2013-01-11,-0.633
2013-01-18,-0.64254
2013-01-25,-0.64929
2013-02-01,-0.65283
2013-02-08,-0.6541
2013-02-15,-0.65547
2013-02-22,-0.65642
2013-03-01,-0.65679
2013-03-08,-0.659
2013-03-15,-0.66184
2013-03-22,-0.66481
2013-03-29,-0.66951
2013-04-05,-0.67677
2013-04-12,-0.68728
2013-04-19,-0.69805
2013-04-26,-0.71034
2013-05-03,-0.72018
2013-05-10,-0.72518
2013-05-17,-0.72294
2013-05-24,-0.71339
2013-05-31,-0.6972
2013-06-07,-0.67766
2013-06-14,-0.65874
2013-06-21,-0.64314
2013-06-28,-0.63574
2013-07-05,-0.63591
2013-07-12,-0.64324
2013-07-19,-0.6553
2013-07-26,-0.66691
2013-08-02,-0.67504
2013-08-09,-0.6789
2013-08-16,-0.67809
2013-08-23,-0.67414
2013-08-30,-0.67021
2013-09-06,-0.66856
2013-09-13,-0.67058
2013-09-20,-0.67548
2013-09-27,-0.68303
2013-10-04,-0.69281
2013-10-11,-0.70517
2013-10-18,-0.71917
2013-10-25,-0.73299
2013-11-01,-0.74487
2013-11-08,-0.7554
2013-11-15,-0.76423
2013-11-22,-0.7709
2013-11-29,-0.77619
2013-12-06,-0.77993
2013-12-13,-0.78299
2013-12-20,-0.78486
2013-12-27,-0.78573
2014-01-03,-0.78333
2014-01-10,-0.78054
2014-01-17,-0.77631
2014-01-24,-0.77197
2014-01-31,-0.76924
2014-02-07,-0.76973
2014-02-14,-0.77345
2014-02-21,-0.77772
2014-02-28,-0.78189
2014-03-07,-0.78487
2014-03-14,-0.78534
2014-03-21,-0.78446
2014-03-28,-0.78169
2014-04-04,-0.77979
2014-04-11,-0.77721
2014-04-18,-0.77533
2014-04-25,-0.77469
2014-05-02,-0.77601
2014-05-09,-0.77898
2014-05-16,-0.78321
2014-05-23,-0.78946
2014-05-30,-0.79532
2014-06-06,-0.79873
2014-06-13,-0.79897
2014-06-20,-0.79565
2014-06-27,-0.7887
2014-07-04,-0.77875
2014-07-11,-0.76726
2014-07-18,-0.75518
2014-07-25,-0.74463
2014-08-01,-0.73615
2014-08-08,-0.73124
2014-08-15,-0.7308
2014-08-22,-0.73059
2014-08-29,-0.72818
2014-09-05,-0.72227
2014-09-12,-0.71147
2014-09-19,-0.69619
2014-09-26,-0.67863
2014-10-03,-0.66213
2014-10-10,-0.65011
2014-10-17,-0.64196
2014-10-24,-0.64319
2014-10-31,-0.64834
2014-11-07,-0.65551
2014-11-14,-0.66052
2014-11-21,-0.6598
2014-11-28,-0.65315
2014-12-05,-0.63994
2014-12-12,-0.61972
2014-12-19,-0.59644
2014-12-26,-0.57431
2015-01-02,-0.55169
2015-01-09,-0.53331
2015-01-16,-0.51868
2015-01-23,-0.51032
2015-01-30,-0.50697
2015-02-06,-0.50848
2015-02-13,-0.5132
2015-02-20,-0.52006
2015-02-27,-0.52725
2015-03-06,-0.53234
2015-03-13,-0.53614
2015-03-20,-0.5394
2015-03-27,-0.54126
2015-04-03,-0.54293
2015-04-10,-0.54504
2015-04-17,-0.54645
2015-04-24,-0.54851
2015-05-01,-0.54948
2015-05-08,-0.54939
2015-05-15,-0.54978
2015-05-22,-0.55031
2015-05-29,-0.55004
2015-06-05,-0.54932
2015-06-12,-0.54817
2015-06-19,-0.54546
2015-06-26,-0.5428
2015-07-03,-0.53768
2015-07-10,-0.53272
2015-07-17,-0.52734
2015-07-24,-0.51766
2015-07-31,-0.50297
2015-08-07,-0.48407
2015-08-14,-0.46254
2015-08-21,-0.43998
2015-08-28,-0.41962
2015-09-04,-0.40654
2015-09-11,-0.4008
2015-09-18,-0.40099
2015-09-25,-0.40681
2015-10-02,-0.41666
2015-10-09,-0.43258
2015-10-16,-0.44722
2015-10-23,-0.46028
2015-10-30,-0.46958
2015-11-06,-0.47316
2015-11-13,-0.46956
2015-11-20,-0.46014
2015-11-27,-0.44618
2015-12-04,-0.42755
2015-12-11,-0.40534
2015-12-18,-0.38369
2015-12-25,-0.36352
2016-01-01,-0.34576
2016-01-08,-0.33007
2016-01-15,-0.31631
2016-01-22,-0.30598
2016-01-29,-0.29927
2016-02-05,-0.2956
2016-02-12,-0.29577
2016-02-19,-0.30449
2016-02-26,-0.31757
2016-03-04,-0.33343
2016-03-11,-0.3492
2016-03-18,-0.36338
2016-03-25,-0.37292
2016-04-01,-0.37971
2016-04-08,-0.38324
2016-04-15,-0.38585
2016-04-22,-0.38752
2016-04-29,-0.38739
2016-05-06,-0.38584
2016-05-13,-0.38402
2016-05-20,-0.38109
2016-05-27,-0.37666
2016-06-03,-0.37053
2016-06-10,-0.36362
2016-06-17,-0.35578
2016-06-24,-0.35063
2016-07-01,-0.34744
2016-07-08,-0.34848
2016-07-15,-0.35257
2016-07-22,-0.35679
2016-07-29,-0.36107
2016-08-05,-0.36334
2016-08-12,-0.36363
2016-08-19,-0.36134
2016-08-26,-0.35624
2016-09-02,-0.34918
2016-09-09,-0.34327
2016-09-16,-0.33885
2016-09-23,-0.33759
2016-09-30,-0.34072
2016-10-07,-0.34786
2016-10-14,-0.35696
2016-10-21,-0.36819
2016-10-28,-0.38119
2016-11-04,-0.39325
2016-11-11,-0.40726
2016-11-18,-0.42009
2016-11-25,-0.43138
2016-12-02,-0.44129
2016-12-09,-0.45017
2016-12-16,-0.4571
2016-12-23,-0.4629
2016-12-30,-0.46927
2017-01-06,-0.47493
2017-01-13,-0.48068
2017-01-20,-0.48547
2017-01-27,-0.48911
2017-02-03,-0.49148
2017-02-10,-0.49276
2017-02-17,-0.49219
2017-02-24,-0.49005
2017-03-03,-0.48815
2017-03-10,-0.48559
2017-03-17,-0.48325
2017-03-24,-0.48175
2017-03-31,-0.48312
2017-04-07,-0.48644
2017-04-14,-0.49215
2017-04-21,-0.4999
2017-04-28,-0.51007
2017-05-05,-0.52023
2017-05-12,-0.53025
2017-05-19,-0.53911
2017-05-26,-0.54817
2017-06-02,-0.55536
2017-06-09,-0.56115
2017-06-16,-0.56553
2017-06-23,-0.56853
2017-06-30,-0.57176
2017-07-07,-0.57481
2017-07-14,-0.57804
2017-07-21,-0.58026
2017-07-28,-0.5799
2017-08-04,-0.57684
2017-08-11,-0.57159
2017-08-18,-0.56619
2017-08-25,-0.56218
2017-09-01,-0.56004
2017-09-08,-0.55972
2017-09-15,-0.56265
2017-09-22,-0.56712
2017-09-29,-0.57269
2017-10-06,-0.57967
2017-10-13,-0.58686
2017-10-20,-0.59379
2017-10-27,-0.59923
2017-11-03,-0.60345
2017-11-10,-0.60558
2017-11-17,-0.60664
2017-11-24,-0.60751
2017-12-01,-0.60855
2017-12-08,-0.60979
2017-12-15,-0.61247
2017-12-22,-0.61628
2017-12-29,-0.61991
2018-01-05,-0.62356
2018-01-12,-0.62355
2018-01-19,-0.61908
2018-01-26,-0.61014
2018-02-02,-0.59635
2018-02-09,-0.57859
2018-02-16,-0.56282
2018-02-23,-0.54789
2018-03-02,-0.53345
2018-03-09,-0.52023
2018-03-16,-0.50966
2018-03-23,-0.50206
2018-03-30,-0.50037
2018-04-06,-0.50392
2018-04-13,-0.51395
2018-04-20,-0.52822
2018-04-27,-0.54175
2018-05-04,-0.55377
2018-05-11,-0.563
2018-05-18,-0.56789
2018-05-25,-0.5675
2018-06-01,-0.56253
2018-06-08,-0.55665
2018-06-15,-0.54971
2018-06-22,-0.5438
2018-06-29,-0.54058
2018-07-06,-0.54179
2018-07-13,-0.54729
2018-07-20,-0.55539
2018-07-27,-0.56463
2018-08-03,-0.57389
2018-08-10,-0.58307
2018-08-17,-0.59015
2018-08-24,-0.59603
2018-08-31,-0.60013
2018-09-07,-0.60237
2018-09-14,-0.60276
2018-09-21,-0.60021
2018-09-28,-0.59588
2018-10-05,-0.5892
2018-10-12,-0.57921
2018-10-19,-0.56797
2018-10-26,-0.55441
2018-11-02,-0.53909
2018-11-09,-0.52293
2018-11-16,-0.50338
2018-11-23,-0.48198
2018-11-30,-0.46162
2018-12-07,-0.44242
2018-12-14,-0.42899
2018-12-21,-0.42298
2018-12-28,-0.42644
2019-01-04,-0.43958
2019-01-11,-0.45972
2019-01-18,-0.48345
2019-01-25,-0.50801
2019-02-01,-0.53206
2019-02-08,-0.55271
2019-02-15,-0.57009
2019-02-22,-0.58345
2019-03-01,-0.59243
2019-03-08,-0.59766
2019-03-15,-0.60154
2019-03-22,-0.60548
2019-03-29,-0.60824
2019-04-05,-0.61239
2019-04-12,-0.61573
2019-04-19,-0.61781
2019-04-26,-0.61692
2019-05-03,-0.61359
2019-05-10,-0.60681
2019-05-17,-0.59857
2019-05-24,-0.59045
2019-05-31,-0.5824
2019-06-07,-0.57695
2019-06-14,-0.57475
2019-06-21,-0.57457
2019-06-28,-0.57687
2019-07-05,-0.58089
2019-07-12,-0.5829
2019-07-19,-0.58282
2019-07-26,-0.57964
2019-08-02,-0.572
2019-08-09,-0.56123
2019-08-16,-0.5497
2019-08-23,-0.53945
2019-08-30,-0.52993
2019-09-06,-0.52287
2019-09-13,-0.51722
2019-09-20,-0.51293
2019-09-27,-0.5127
2019-10-04,-0.51611
2019-10-11,-0.52442
2019-10-18,-0.53684
2019-10-25,-0.55085
2019-11-01,-0.56313
2019-11-08,-0.57299
2019-11-15,-0.57833
2019-11-22,-0.57842
2019-11-29,-0.57343
2019-12-06,-0.56429
2019-12-13,-0.55647
2019-12-20,-0.55211
2019-12-27,-0.55654
2020-01-03,-0.56953
2020-01-10,-0.58955
2020-01-17,-0.61123
2020-01-24,-0.62509
2020-01-31,-0.62348
2020-02-07,-0.59824
2020-02-14,-0.53868
2020-02-21,-0.43815
2020-02-28,-0.29803
2020-03-06,-0.13476
2020-03-13,0.03395
2020-03-20,0.18161
2020-03-27,0.27552
2020-04-03,0.31444
2020-04-10,0.3007
2020-04-17,0.2445
2020-04-24,0.16506
2020-05-01,0.06648
2020-05-08,-0.03423
2020-05-15,-0.12547
2020-05-22,-0.20588
2020-05-29,-0.26971
2020-06-05,-0.31641
2020-06-12,-0.34623
2020-06-19,-0.36879
2020-06-26,-0.38697
2020-07-03,-0.40415
2020-07-10,-0.42283
2020-07-17,-0.44181
2020-07-24,-0.46109
2020-07-31,-0.47883
2020-08-07,-0.49271
2020-08-14,-0.50306
2020-08-21,-0.50917
2020-08-28,-0.51107
2020-09-04,-0.50871
2020-09-11,-0.50411
2020-09-18,-0.50012
2020-09-25,-0.49427
2020-10-02,-0.49103
2020-10-09,-0.49114
2020-10-16,-0.4936
2020-10-23,-0.49949
2020-10-30,-0.50798
2020-11-06,-0.52161
2020-11-13,-0.53839
2020-11-20,-0.55462
2020-11-27,-0.56925
2020-12-04,-0.58218
2020-12-11,-0.59242
2020-12-18,-0.59981
2020-12-25,-0.60604
2021-01-01,-0.61133
2021-01-08,-0.61585
2021-01-15,-0.61853
2021-01-22,-0.62052
2021-01-29,-0.62085
2021-02-05,-0.62306
2021-02-12,-0.62478
2021-02-19,-0.62658
2021-02-26,-0.62863
2021-03-05,-0.63281
2021-03-12,-0.63785
2021-03-19,-0.64328
2021-03-26,-0.64983
2021-04-02,-0.65671
2021-04-09,-0.6649
2021-04-16,-0.67172
2021-04-23,-0.67802
2021-04-30,-0.68338
2021-05-07,-0.68838
2021-05-14,-0.69054
2021-05-21,-0.69309
2021-05-28,-0.6953
2021-06-04,-0.69625
2021-06-11,-0.6955
2021-06-18,-0.69239
2021-06-25,-0.68833
2021-07-02,-0.68273
2021-07-09,-0.67599
2021-07-16,-0.66922
2021-07-23,-0.66267
2021-07-30,-0.65733
2021-08-06,-0.65266
2021-08-13,-0.64991
2021-08-20,-0.6482
2021-08-27,-0.64887
2021-09-03,-0.65001
2021-09-10,-0.65186
2021-09-17,-0.65405
2021-09-24,-0.65532
2021-10-01,-0.65568
2021-10-08,-0.65404
2021-10-15,-0.64851
2021-10-22,-0.63866
2021-10-29,-0.62415
2021-11-05,-0.60634
2021-11-12,-0.58687
2021-11-19,-0.56866
2021-11-26,-0.55247
2021-12-03,-0.54121
2021-12-10,-0.53903
2021-12-17,-0.54163
2021-12-24,-0.54871
2021-12-31,-0.55741
2022-01-07,-0.56345
2022-01-14,-0.56373
2022-01-21,-0.5573
2022-01-28,-0.54331
2022-02-04,-0.52437
2022-02-11,-0.49888
2022-02-18,-0.46914
2022-02-25,-0.43944
2022-03-04,-0.41219
2022-03-11,-0.39104
2022-03-18,-0.37905
2022-03-25,-0.3733
2022-04-01,-0.37102
2022-04-08,-0.36864
2022-04-15,-0.36195
2022-04-22,-0.35179
2022-04-29,-0.33695
2022-05-06,-0.31953
2022-05-13,-0.30084
2022-05-20,-0.28199
2022-05-27,-0.26081
2022-06-03,-0.23781
2022-06-10,-0.21338
2022-06-17,-0.1895
2022-06-24,-0.17363
2022-07-01,-0.16732
2022-07-08,-0.17055
2022-07-15,-0.18383
2022-07-22,-0.20284
2022-07-29,-0.22094
2022-08-05,-0.23408
2022-08-12,-0.24151
2022-08-19,-0.23913
2022-08-26,-0.22651
2022-09-02,-0.2055
2022-09-09,-0.17956
2022-09-16,-0.15173
2022-09-23,-0.12656
2022-09-30,-0.10788
2022-10-07,-0.10104
2022-10-14,-0.10327
2022-10-21,-0.11406
2022-10-28,-0.12945
2022-11-04,-0.14743
2022-11-11,-0.16452
2022-11-18,-0.17729
2022-11-25,-0.18501
2022-12-02,-0.18957
2022-12-09,-0.19248
2022-12-16,-0.19885
2022-12-23,-0.20883
2022-12-30,-0.2261
2023-01-06,-0.24882
2023-01-13,-0.27335
2023-01-20,-0.29432
2023-01-27,-0.31122
2023-02-03,-0.31865
2023-02-10,-0.31481
2023-02-17,-0.30029
2023-02-24,-0.27483
2023-03-03,-0.2439
2023-03-10,-0.21143
2023-03-17,-0.1799
2023-03-24,-0.16126
2023-03-31,-0.15761
2023-04-07,-0.16099
2023-04-14,-0.17242
2023-04-21,-0.18611
2023-04-28,-0.19696
2023-05-05,-0.20538
2023-05-12,-0.21203
2023-05-19,-0.21603
2023-05-26,-0.2179
2023-06-02,-0.21956
2023-06-09,-0.22047
2023-06-16,-0.22244
2023-06-23,-0.22652
2023-06-30,-0.23264
2023-07-07,-0.2414
2023-07-14,-0.25428
2023-07-21,-0.26919
2023-07-28,-0.28505
2023-08-04,-0.30239
2023-08-11,-0.31822
2023-08-18,-0.33067
2023-08-25,-0.33945
2023-09-01,-0.34504
2023-09-08,-0.34483
2023-09-15,-0.34011
2023-09-22,-0.33115
2023-09-29,-0.31891
2023-10-06,-0.30779
2023-10-13,-0.29825
2023-10-20,-0.29229
2023-10-27,-0.29134
2023-11-03,-0.29602
2023-11-10,-0.30449
2023-11-17,-0.31491
2023-11-24,-0.32602
2023-12-01,-0.33635
2023-12-08,-0.34512
2023-12-15,-0.35406
2023-12-22,-0.36319
2023-12-29,-0.3716
2024-01-05,-0.38019
2024-01-12,-0.38831
2024-01-19,-0.3955
2024-01-26,-0.4017
2024-02-02,-0.4086
2024-02-09,-0.41539
2024-02-16,-0.42319
2024-02-23,-0.43123
2024-03-01,-0.43745
2024-03-08,-0.44093
2024-03-15,-0.44221
2024-03-22,-0.44014
2024-03-29,-0.43539
2024-04-05,-0.42976
2024-04-12,-0.42376
2024-04-19,-0.41859
2024-04-26,-0.41651
2024-05-03,-0.41653
2024-05-10,-0.41746
2024-05-17,-0.418
2024-05-24,-0.41758
2024-05-31,-0.41419
2024-06-07,-0.40864
2024-06-14,-0.40154
2024-06-21,-0.39395
2024-06-28,-0.38745
2024-07-05,-0.38239
2024-07-12,-0.37709
2024-07-19,-0.37223
2024-07-26,-0.36853
2024-08-02,-0.36642
2024-08-09,-0.36731
2024-08-16,-0.37537
2024-08-23,-0.3855
2024-08-30,-0.39694
2024-09-06,-0.40823
2024-09-13,-0.41822
2024-09-20,-0.42636
2024-09-27,-0.43273
2024-10-04,-0.43697
2024-10-11,-0.4401
2024-10-18,-0.44447
2024-10-25,-0.4489
2024-11-01,-0.4548
2024-11-08,-0.46268
2024-11-15,-0.4701
2024-11-22,-0.47514
2024-11-29,-0.47858
2024-12-06,-0.48099
2024-12-13,-0.48267
2024-12-20,-0.48397
2024-12-27,-0.48828
